S0,r,q,sigma,T,N,delta; call,gamma; call,theta; call,delta; put,gamma; put,theta; put
100,0.05,0.03,0.2,1,500,0.562174,0.372291,-4.49087,-0.40833,-0.254142,-2.64591
100,0.05,0.03,0.2,1,1,-0.40833,-0.254142,-9.20912,-0.40833,-0.254142,-13.8508
100,0.05,0.03,0.2,1,2,0.572391,0.0346748,-6.05142,-0.412721,-0.00514282,-4.16862
100,0.05,0.03,0.2,1,3,0.56851,0.0390498,-5.56083,-0.411689,-0.00963489,-3.69077
100,0.05,0.03,0.2,1,4,0.566745,0.0428558,-5.24709,-0.411006,-0.0133134,-3.38338
100,0.05,0.03,0.2,1,5,0.565748,0.0463563,-5.05588,-0.410537,-0.0164113,-3.19596
100,0.05,0.03,0.2,1,6,0.565108,0.0496188,-4.93599,-0.410202,-0.0191167,-3.0786
100,0.05,0.03,0.2,1,7,0.564662,0.0526768,-4.85675,-0.409952,-0.0215482,-3.00116
100,0.05,0.03,0.2,1,8,0.564333,0.055557,-4.80135,-0.409759,-0.0237787,-2.94711
100,0.05,0.03,0.2,1,9,0.56408,0.0582825,-4.76062,-0.409606,-0.025854,-2.90743
100,0.05,0.03,0.2,1,10,0.563879,0.0608732,-4.72941,-0.409482,-0.0278047,-2.87706
100,0.05,0.03,0.2,1,11,0.563716,0.0633457,-4.7047,-0.409379,-0.029652,-2.85304
100,0.05,0.03,0.2,1,12,0.563582,0.065714,-4.68462,-0.409293,-0.0314115,-2.83353
100,0.05,0.03,0.2,1,13,0.563468,0.0679897,-4.66797,-0.40922,-0.0330953,-2.81736
100,0.05,0.03,0.2,1,14,0.563371,0.0701824,-4.65392,-0.409156,-0.0347126,-2.80373
100,0.05,0.03,0.2,1,15,0.563287,0.0723006,-4.64191,-0.409101,-0.0362709,-2.79208
100,0.05,0.03,0.2,1,16,0.563214,0.074351,-4.63152,-0.409053,-0.0377765,-2.782
100,0.05,0.03,0.2,1,17,0.56315,0.0763398,-4.62243,-0.40901,-0.0392343,-2.77319
100,0.05,0.03,0.2,1,18,0.563093,0.078272,-4.61442,-0.408972,-0.0406489,-2.76543
100,0.05,0.03,0.2,1,19,0.563042,0.0801522,-4.60731,-0.408937,-0.0420238,-2.75853
100,0.05,0.03,0.2,1,20,0.562996,0.0819843,-4.60094,-0.408906,-0.0433624,-2.75237
100,0.05,0.03,0.2,1,21,0.562955,0.0837718,-4.59522,-0.408878,-0.0446673,-2.74682
100,0.05,0.03,0.2,1,22,0.562917,0.0855177,-4.59004,-0.408853,-0.045941,-2.74181
100,0.05,0.03,0.2,1,23,0.562883,0.0872249,-4.58534,-0.408829,-0.0471856,-2.73725
100,0.05,0.03,0.2,1,24,0.562851,0.0888957,-4.58104,-0.408808,-0.0484032,-2.73309
100,0.05,0.03,0.2,1,25,0.562823,0.0905324,-4.5771,-0.408788,-0.0495954,-2.72928
100,0.05,0.03,0.2,1,26,0.562796,0.092137,-4.57348,-0.40877,-0.0507637,-2.72577
100,0.05,0.03,0.2,1,27,0.562771,0.0937112,-4.57014,-0.408753,-0.0519096,-2.72254
100,0.05,0.03,0.2,1,28,0.562749,0.0952568,-4.56704,-0.408737,-0.0530342,-2.71954
100,0.05,0.03,0.2,1,29,0.562727,0.0967751,-4.56417,-0.408722,-0.0541388,-2.71676
100,0.05,0.03,0.2,1,30,0.562708,0.0982677,-4.56149,-0.408709,-0.0552243,-2.71417
100,0.05,0.03,0.2,1,31,0.562689,0.0997358,-4.55899,-0.408696,-0.0562918,-2.71176
100,0.05,0.03,0.2,1,32,0.562672,0.10118,-4.55666,-0.408684,-0.0573421,-2.7095
100,0.05,0.03,0.2,1,33,0.562656,0.102603,-4.55447,-0.408673,-0.0583761,-2.70738
100,0.05,0.03,0.2,1,34,0.56264,0.104004,-4.55241,-0.408662,-0.0593944,-2.70539
100,0.05,0.03,0.2,1,35,0.562626,0.105385,-4.55047,-0.408652,-0.0603977,-2.70351
100,0.05,0.03,0.2,1,36,0.562612,0.106746,-4.54865,-0.408642,-0.0613868,-2.70175
100,0.05,0.03,0.2,1,37,0.562599,0.108089,-4.54692,-0.408633,-0.0623621,-2.70008
100,0.05,0.03,0.2,1,38,0.562587,0.109413,-4.54529,-0.408625,-0.0633243,-2.6985
100,0.05,0.03,0.2,1,39,0.562576,0.11072,-4.54375,-0.408617,-0.0642739,-2.69701
100,0.05,0.03,0.2,1,40,0.562565,0.112011,-4.54228,-0.408609,-0.0652114,-2.69559
100,0.05,0.03,0.2,1,41,0.562554,0.113286,-4.54089,-0.408602,-0.0661372,-2.69424
100,0.05,0.03,0.2,1,42,0.562544,0.114545,-4.53956,-0.408595,-0.0670517,-2.69296
100,0.05,0.03,0.2,1,43,0.562535,0.11579,-4.5383,-0.408588,-0.0679553,-2.69174
100,0.05,0.03,0.2,1,44,0.562526,0.11702,-4.5371,-0.408582,-0.0688485,-2.69058
100,0.05,0.03,0.2,1,45,0.562517,0.118236,-4.53595,-0.408576,-0.0697316,-2.68947
100,0.05,0.03,0.2,1,46,0.562509,0.119439,-4.53485,-0.40857,-0.0706049,-2.6884
100,0.05,0.03,0.2,1,47,0.562501,0.120629,-4.5338,-0.408564,-0.0714687,-2.68739
100,0.05,0.03,0.2,1,48,0.562493,0.121806,-4.5328,-0.408559,-0.0723234,-2.68642
100,0.05,0.03,0.2,1,49,0.562486,0.122971,-4.53183,-0.408554,-0.0731692,-2.68549
100,0.05,0.03,0.2,1,50,0.562479,0.124125,-4.53091,-0.408549,-0.0740064,-2.68459
100,0.05,0.03,0.2,1,51,0.562473,0.125266,-4.53002,-0.408544,-0.0748353,-2.68373
100,0.05,0.03,0.2,1,52,0.562466,0.126397,-4.52917,-0.408539,-0.0756561,-2.68291
100,0.05,0.03,0.2,1,53,0.56246,0.127517,-4.52835,-0.408535,-0.076469,-2.68212
100,0.05,0.03,0.2,1,54,0.562454,0.128627,-4.52756,-0.408531,-0.0772742,-2.68136
100,0.05,0.03,0.2,1,55,0.562448,0.129726,-4.5268,-0.408527,-0.078072,-2.68062
100,0.05,0.03,0.2,1,56,0.562443,0.130815,-4.52607,-0.408523,-0.0788626,-2.67991
100,0.05,0.03,0.2,1,57,0.562437,0.131895,-4.52536,-0.408519,-0.0796462,-2.67923
100,0.05,0.03,0.2,1,58,0.562432,0.132965,-4.52468,-0.408515,-0.0804229,-2.67857
100,0.05,0.03,0.2,1,59,0.562427,0.134026,-4.52402,-0.408512,-0.0811929,-2.67794
100,0.05,0.03,0.2,1,60,0.562422,0.135078,-4.52339,-0.408508,-0.0819565,-2.67732
100,0.05,0.03,0.2,1,61,0.562418,0.136121,-4.52278,-0.408505,-0.0827137,-2.67673
100,0.05,0.03,0.2,1,62,0.562413,0.137156,-4.52218,-0.408502,-0.0834647,-2.67616
100,0.05,0.03,0.2,1,63,0.562409,0.138183,-4.52161,-0.408499,-0.0842097,-2.6756
100,0.05,0.03,0.2,1,64,0.562405,0.139201,-4.52105,-0.408496,-0.0849488,-2.67506
100,0.05,0.03,0.2,1,65,0.562401,0.140212,-4.52051,-0.408493,-0.0856821,-2.67454
100,0.05,0.03,0.2,1,66,0.562397,0.141214,-4.51999,-0.40849,-0.0864098,-2.67404
100,0.05,0.03,0.2,1,67,0.562393,0.14221,-4.51948,-0.408487,-0.087132,-2.67355
100,0.05,0.03,0.2,1,68,0.562389,0.143197,-4.51899,-0.408485,-0.0878489,-2.67307
100,0.05,0.03,0.2,1,69,0.562385,0.144178,-4.51851,-0.408482,-0.0885605,-2.67261
100,0.05,0.03,0.2,1,70,0.562382,0.145151,-4.51805,-0.40848,-0.0892669,-2.67216
100,0.05,0.03,0.2,1,71,0.562378,0.146118,-4.5176,-0.408477,-0.0899683,-2.67173
100,0.05,0.03,0.2,1,72,0.562375,0.147078,-4.51716,-0.408475,-0.0906648,-2.67131
100,0.05,0.03,0.2,1,73,0.562372,0.148031,-4.51674,-0.408472,-0.0913565,-2.67089
100,0.05,0.03,0.2,1,74,0.562369,0.148978,-4.51632,-0.40847,-0.0920435,-2.67049
100,0.05,0.03,0.2,1,75,0.562366,0.149918,-4.51592,-0.408468,-0.0927258,-2.67011
100,0.05,0.03,0.2,1,76,0.562363,0.150852,-4.51553,-0.408466,-0.0934036,-2.66973
100,0.05,0.03,0.2,1,77,0.56236,0.15178,-4.51515,-0.408464,-0.0940769,-2.66936
100,0.05,0.03,0.2,1,78,0.562357,0.152702,-4.51477,-0.408462,-0.0947459,-2.669
100,0.05,0.03,0.2,1,79,0.562354,0.153618,-4.51441,-0.40846,-0.0954107,-2.66865
100,0.05,0.03,0.2,1,80,0.562352,0.154528,-4.51406,-0.408458,-0.0960712,-2.66831
100,0.05,0.03,0.2,1,81,0.562349,0.155433,-4.51372,-0.408456,-0.0967276,-2.66798
100,0.05,0.03,0.2,1,82,0.562346,0.156332,-4.51338,-0.408454,-0.09738,-2.66765
100,0.05,0.03,0.2,1,83,0.562344,0.157225,-4.51305,-0.408452,-0.0980284,-2.66733
100,0.05,0.03,0.2,1,84,0.562341,0.158113,-4.51273,-0.408451,-0.0986729,-2.66703
100,0.05,0.03,0.2,1,85,0.562339,0.158996,-4.51242,-0.408449,-0.0993136,-2.66672
100,0.05,0.03,0.2,1,86,0.562337,0.159874,-4.51212,-0.408447,-0.0999505,-2.66643
100,0.05,0.03,0.2,1,87,0.562334,0.160747,-4.51182,-0.408446,-0.100584,-2.66614
100,0.05,0.03,0.2,1,88,0.562332,0.161614,-4.51153,-0.408444,-0.101213,-2.66586
100,0.05,0.03,0.2,1,89,0.56233,0.162477,-4.51124,-0.408443,-0.101839,-2.66559
100,0.05,0.03,0.2,1,90,0.562328,0.163335,-4.51097,-0.408441,-0.102462,-2.66532
100,0.05,0.03,0.2,1,91,0.562326,0.164188,-4.51069,-0.40844,-0.103081,-2.66506
100,0.05,0.03,0.2,1,92,0.562324,0.165037,-4.51043,-0.408438,-0.103697,-2.6648
100,0.05,0.03,0.2,1,93,0.562322,0.165881,-4.51017,-0.408437,-0.104309,-2.66455
100,0.05,0.03,0.2,1,94,0.56232,0.16672,-4.50991,-0.408435,-0.104918,-2.6643
100,0.05,0.03,0.2,1,95,0.562318,0.167555,-4.50967,-0.408434,-0.105524,-2.66406
100,0.05,0.03,0.2,1,96,0.562316,0.168385,-4.50942,-0.408433,-0.106127,-2.66383
100,0.05,0.03,0.2,1,97,0.562314,0.169212,-4.50918,-0.408431,-0.106726,-2.6636
100,0.05,0.03,0.2,1,98,0.562313,0.170034,-4.50895,-0.40843,-0.107323,-2.66337
100,0.05,0.03,0.2,1,99,0.562311,0.170851,-4.50872,-0.408429,-0.107916,-2.66315
100,0.05,0.03,0.2,1,100,0.562309,0.171665,-4.5085,-0.408428,-0.108507,-2.66293
100,0.05,0.03,0.2,1,101,0.562307,0.172475,-4.50828,-0.408426,-0.109094,-2.66272
100,0.05,0.03,0.2,1,102,0.562306,0.17328,-4.50806,-0.408425,-0.109679,-2.66251
100,0.05,0.03,0.2,1,103,0.562304,0.174082,-4.50785,-0.408424,-0.11026,-2.66231
100,0.05,0.03,0.2,1,104,0.562303,0.17488,-4.50764,-0.408423,-0.110839,-2.66211
100,0.05,0.03,0.2,1,105,0.562301,0.175674,-4.50744,-0.408422,-0.111415,-2.66191
100,0.05,0.03,0.2,1,106,0.5623,0.176464,-4.50724,-0.408421,-0.111989,-2.66172
100,0.05,0.03,0.2,1,107,0.562298,0.17725,-4.50705,-0.40842,-0.11256,-2.66153
100,0.05,0.03,0.2,1,108,0.562297,0.178033,-4.50685,-0.408419,-0.113128,-2.66135
100,0.05,0.03,0.2,1,109,0.562295,0.178812,-4.50667,-0.408418,-0.113693,-2.66117
100,0.05,0.03,0.2,1,110,0.562294,0.179588,-4.50648,-0.408417,-0.114256,-2.66099
100,0.05,0.03,0.2,1,111,0.562292,0.18036,-4.5063,-0.408416,-0.114816,-2.66081
100,0.05,0.03,0.2,1,112,0.562291,0.181128,-4.50612,-0.408415,-0.115374,-2.66064
100,0.05,0.03,0.2,1,113,0.56229,0.181894,-4.50595,-0.408414,-0.115929,-2.66047
100,0.05,0.03,0.2,1,114,0.562288,0.182656,-4.50577,-0.408413,-0.116482,-2.6603
100,0.05,0.03,0.2,1,115,0.562287,0.183414,-4.50561,-0.408412,-0.117033,-2.66014
100,0.05,0.03,0.2,1,116,0.562286,0.184169,-4.50544,-0.408411,-0.117581,-2.65998
100,0.05,0.03,0.2,1,117,0.562284,0.184921,-4.50528,-0.40841,-0.118126,-2.65982
100,0.05,0.03,0.2,1,118,0.562283,0.18567,-4.50512,-0.408409,-0.11867,-2.65967
100,0.05,0.03,0.2,1,119,0.562282,0.186415,-4.50496,-0.408408,-0.119211,-2.65952
100,0.05,0.03,0.2,1,120,0.562281,0.187158,-4.5048,-0.408407,-0.119749,-2.65937
100,0.05,0.03,0.2,1,121,0.56228,0.187897,-4.50465,-0.408406,-0.120286,-2.65922
100,0.05,0.03,0.2,1,122,0.562279,0.188634,-4.5045,-0.408406,-0.12082,-2.65907
100,0.05,0.03,0.2,1,123,0.562277,0.189367,-4.50435,-0.408405,-0.121353,-2.65893
100,0.05,0.03,0.2,1,124,0.562276,0.190097,-4.50421,-0.408404,-0.121883,-2.65879
100,0.05,0.03,0.2,1,125,0.562275,0.190825,-4.50407,-0.408403,-0.12241,-2.65865
100,0.05,0.03,0.2,1,126,0.562274,0.191549,-4.50393,-0.408402,-0.122936,-2.65852
100,0.05,0.03,0.2,1,127,0.562273,0.192271,-4.50379,-0.408402,-0.12346,-2.65838
100,0.05,0.03,0.2,1,128,0.562272,0.192989,-4.50365,-0.408401,-0.123981,-2.65825
100,0.05,0.03,0.2,1,129,0.562271,0.193705,-4.50352,-0.4084,-0.124501,-2.65812
100,0.05,0.03,0.2,1,130,0.56227,0.194419,-4.50339,-0.408399,-0.125019,-2.658
100,0.05,0.03,0.2,1,131,0.562269,0.195129,-4.50326,-0.408399,-0.125534,-2.65787
100,0.05,0.03,0.2,1,132,0.562268,0.195837,-4.50313,-0.408398,-0.126048,-2.65775
100,0.05,0.03,0.2,1,133,0.562267,0.196542,-4.503,-0.408397,-0.12656,-2.65763
100,0.05,0.03,0.2,1,134,0.562266,0.197244,-4.50288,-0.408397,-0.127069,-2.65751
100,0.05,0.03,0.2,1,135,0.562265,0.197944,-4.50276,-0.408396,-0.127577,-2.65739
100,0.05,0.03,0.2,1,136,0.562264,0.198641,-4.50264,-0.408395,-0.128083,-2.65727
100,0.05,0.03,0.2,1,137,0.562263,0.199336,-4.50252,-0.408395,-0.128587,-2.65716
100,0.05,0.03,0.2,1,138,0.562262,0.200028,-4.5024,-0.408394,-0.12909,-2.65705
100,0.05,0.03,0.2,1,139,0.562262,0.200718,-4.50229,-0.408393,-0.12959,-2.65693
100,0.05,0.03,0.2,1,140,0.562261,0.201405,-4.50217,-0.408393,-0.130089,-2.65682
100,0.05,0.03,0.2,1,141,0.56226,0.20209,-4.50206,-0.408392,-0.130586,-2.65672
100,0.05,0.03,0.2,1,142,0.562259,0.202772,-4.50195,-0.408392,-0.131081,-2.65661
100,0.05,0.03,0.2,1,143,0.562258,0.203452,-4.50184,-0.408391,-0.131574,-2.65651
100,0.05,0.03,0.2,1,144,0.562257,0.204129,-4.50173,-0.40839,-0.132066,-2.6564
100,0.05,0.03,0.2,1,145,0.562257,0.204805,-4.50163,-0.40839,-0.132556,-2.6563
100,0.05,0.03,0.2,1,146,0.562256,0.205477,-4.50152,-0.408389,-0.133044,-2.6562
100,0.05,0.03,0.2,1,147,0.562255,0.206148,-4.50142,-0.408389,-0.133531,-2.6561
100,0.05,0.03,0.2,1,148,0.562254,0.206816,-4.50132,-0.408388,-0.134016,-2.656
100,0.05,0.03,0.2,1,149,0.562253,0.207482,-4.50122,-0.408388,-0.134499,-2.65591
100,0.05,0.03,0.2,1,150,0.562253,0.208146,-4.50112,-0.408387,-0.134981,-2.65581
100,0.05,0.03,0.2,1,151,0.562252,0.208808,-4.50102,-0.408386,-0.135461,-2.65572
100,0.05,0.03,0.2,1,152,0.562251,0.209467,-4.50093,-0.408386,-0.13594,-2.65562
100,0.05,0.03,0.2,1,153,0.56225,0.210124,-4.50083,-0.408385,-0.136417,-2.65553
100,0.05,0.03,0.2,1,154,0.56225,0.210779,-4.50074,-0.408385,-0.136892,-2.65544
100,0.05,0.03,0.2,1,155,0.562249,0.211432,-4.50065,-0.408384,-0.137366,-2.65535
100,0.05,0.03,0.2,1,156,0.562248,0.212083,-4.50056,-0.408384,-0.137838,-2.65526
100,0.05,0.03,0.2,1,157,0.562248,0.212732,-4.50047,-0.408383,-0.138309,-2.65518
100,0.05,0.03,0.2,1,158,0.562247,0.213379,-4.50038,-0.408383,-0.138779,-2.65509
100,0.05,0.03,0.2,1,159,0.562246,0.214023,-4.50029,-0.408382,-0.139247,-2.65501
100,0.05,0.03,0.2,1,160,0.562246,0.214666,-4.5002,-0.408382,-0.139713,-2.65492
100,0.05,0.03,0.2,1,161,0.562245,0.215306,-4.50012,-0.408381,-0.140178,-2.65484
100,0.05,0.03,0.2,1,162,0.562244,0.215945,-4.50003,-0.408381,-0.140641,-2.65476
100,0.05,0.03,0.2,1,163,0.562244,0.216582,-4.49995,-0.408381,-0.141103,-2.65468
100,0.05,0.03,0.2,1,164,0.562243,0.217216,-4.49987,-0.40838,-0.141564,-2.6546
100,0.05,0.03,0.2,1,165,0.562242,0.217849,-4.49979,-0.40838,-0.142023,-2.65452
100,0.05,0.03,0.2,1,166,0.562242,0.21848,-4.49971,-0.408379,-0.142481,-2.65444
100,0.05,0.03,0.2,1,167,0.562241,0.219109,-4.49963,-0.408379,-0.142938,-2.65437
100,0.05,0.03,0.2,1,168,0.562241,0.219736,-4.49955,-0.408378,-0.143393,-2.65429
100,0.05,0.03,0.2,1,169,0.56224,0.220361,-4.49947,-0.408378,-0.143847,-2.65421
100,0.05,0.03,0.2,1,170,0.562239,0.220985,-4.49939,-0.408377,-0.144299,-2.65414
100,0.05,0.03,0.2,1,171,0.562239,0.221606,-4.49932,-0.408377,-0.14475,-2.65407
100,0.05,0.03,0.2,1,172,0.562238,0.222226,-4.49924,-0.408377,-0.1452,-2.65399
100,0.05,0.03,0.2,1,173,0.562238,0.222844,-4.49917,-0.408376,-0.145649,-2.65392
100,0.05,0.03,0.2,1,174,0.562237,0.22346,-4.4991,-0.408376,-0.146096,-2.65385
100,0.05,0.03,0.2,1,175,0.562237,0.224075,-4.49902,-0.408375,-0.146542,-2.65378
100,0.05,0.03,0.2,1,176,0.562236,0.224687,-4.49895,-0.408375,-0.146986,-2.65371
100,0.05,0.03,0.2,1,177,0.562235,0.225298,-4.49888,-0.408375,-0.14743,-2.65365
100,0.05,0.03,0.2,1,178,0.562235,0.225907,-4.49881,-0.408374,-0.147872,-2.65358
100,0.05,0.03,0.2,1,179,0.562234,0.226515,-4.49874,-0.408374,-0.148313,-2.65351
100,0.05,0.03,0.2,1,180,0.562234,0.22712,-4.49867,-0.408373,-0.148752,-2.65345
100,0.05,0.03,0.2,1,181,0.562233,0.227725,-4.49861,-0.408373,-0.149191,-2.65338
100,0.05,0.03,0.2,1,182,0.562233,0.228327,-4.49854,-0.408373,-0.149628,-2.65332
100,0.05,0.03,0.2,1,183,0.562232,0.228928,-4.49847,-0.408372,-0.150064,-2.65325
100,0.05,0.03,0.2,1,184,0.562232,0.229527,-4.49841,-0.408372,-0.150499,-2.65319
100,0.05,0.03,0.2,1,185,0.562231,0.230124,-4.49834,-0.408372,-0.150933,-2.65313
100,0.05,0.03,0.2,1,186,0.562231,0.23072,-4.49828,-0.408371,-0.151365,-2.65306
100,0.05,0.03,0.2,1,187,0.56223,0.231314,-4.49822,-0.408371,-0.151796,-2.653
100,0.05,0.03,0.2,1,188,0.56223,0.231907,-4.49815,-0.408371,-0.152227,-2.65294
100,0.05,0.03,0.2,1,189,0.562229,0.232498,-4.49809,-0.40837,-0.152656,-2.65288
100,0.05,0.03,0.2,1,190,0.562229,0.233088,-4.49803,-0.40837,-0.153084,-2.65282
100,0.05,0.03,0.2,1,191,0.562228,0.233676,-4.49797,-0.40837,-0.15351,-2.65277
100,0.05,0.03,0.2,1,192,0.562228,0.234262,-4.49791,-0.408369,-0.153936,-2.65271
100,0.05,0.03,0.2,1,193,0.562228,0.234847,-4.49785,-0.408369,-0.154361,-2.65265
100,0.05,0.03,0.2,1,194,0.562227,0.235431,-4.49779,-0.408369,-0.154784,-2.65259
100,0.05,0.03,0.2,1,195,0.562227,0.236013,-4.49773,-0.408368,-0.155207,-2.65254
100,0.05,0.03,0.2,1,196,0.562226,0.236593,-4.49768,-0.408368,-0.155628,-2.65248
100,0.05,0.03,0.2,1,197,0.562226,0.237172,-4.49762,-0.408368,-0.156048,-2.65243
100,0.05,0.03,0.2,1,198,0.562225,0.23775,-4.49756,-0.408367,-0.156467,-2.65237
100,0.05,0.03,0.2,1,199,0.562225,0.238326,-4.49751,-0.408367,-0.156885,-2.65232
100,0.05,0.03,0.2,1,200,0.562224,0.2389,-4.49745,-0.408367,-0.157302,-2.65227
100,0.05,0.03,0.2,1,201,0.562224,0.239473,-4.4974,-0.408366,-0.157718,-2.65221
100,0.05,0.03,0.2,1,202,0.562224,0.240045,-4.49734,-0.408366,-0.158133,-2.65216
100,0.05,0.03,0.2,1,203,0.562223,0.240615,-4.49729,-0.408366,-0.158547,-2.65211
100,0.05,0.03,0.2,1,204,0.562223,0.241184,-4.49724,-0.408365,-0.15896,-2.65206
100,0.05,0.03,0.2,1,205,0.562222,0.241752,-4.49718,-0.408365,-0.159372,-2.65201
100,0.05,0.03,0.2,1,206,0.562222,0.242318,-4.49713,-0.408365,-0.159783,-2.65196
100,0.05,0.03,0.2,1,207,0.562222,0.242883,-4.49708,-0.408365,-0.160193,-2.65191
100,0.05,0.03,0.2,1,208,0.562221,0.243446,-4.49703,-0.408364,-0.160602,-2.65186
100,0.05,0.03,0.2,1,209,0.562221,0.244008,-4.49698,-0.408364,-0.16101,-2.65181
100,0.05,0.03,0.2,1,210,0.56222,0.244569,-4.49693,-0.408364,-0.161417,-2.65176
100,0.05,0.03,0.2,1,211,0.56222,0.245128,-4.49688,-0.408363,-0.161823,-2.65171
100,0.05,0.03,0.2,1,212,0.56222,0.245686,-4.49683,-0.408363,-0.162228,-2.65166
100,0.05,0.03,0.2,1,213,0.562219,0.246243,-4.49678,-0.408363,-0.162632,-2.65162
100,0.05,0.03,0.2,1,214,0.562219,0.246798,-4.49673,-0.408363,-0.163035,-2.65157
100,0.05,0.03,0.2,1,215,0.562219,0.247352,-4.49669,-0.408362,-0.163438,-2.65152
100,0.05,0.03,0.2,1,216,0.562218,0.247905,-4.49664,-0.408362,-0.163839,-2.65148
100,0.05,0.03,0.2,1,217,0.562218,0.248457,-4.49659,-0.408362,-0.164239,-2.65143
100,0.05,0.03,0.2,1,218,0.562217,0.249007,-4.49654,-0.408362,-0.164639,-2.65139
100,0.05,0.03,0.2,1,219,0.562217,0.249556,-4.4965,-0.408361,-0.165037,-2.65134
100,0.05,0.03,0.2,1,220,0.562217,0.250104,-4.49645,-0.408361,-0.165435,-2.6513
100,0.05,0.03,0.2,1,221,0.562216,0.250651,-4.49641,-0.408361,-0.165832,-2.65126
100,0.05,0.03,0.2,1,222,0.562216,0.251196,-4.49636,-0.408361,-0.166227,-2.65121
100,0.05,0.03,0.2,1,223,0.562216,0.25174,-4.49632,-0.40836,-0.166622,-2.65117
100,0.05,0.03,0.2,1,224,0.562215,0.252283,-4.49627,-0.40836,-0.167016,-2.65113
100,0.05,0.03,0.2,1,225,0.562215,0.252824,-4.49623,-0.40836,-0.16741,-2.65109
100,0.05,0.03,0.2,1,226,0.562215,0.253365,-4.49619,-0.40836,-0.167802,-2.65104
100,0.05,0.03,0.2,1,227,0.562214,0.253904,-4.49615,-0.408359,-0.168193,-2.651
100,0.05,0.03,0.2,1,228,0.562214,0.254442,-4.4961,-0.408359,-0.168584,-2.65096
100,0.05,0.03,0.2,1,229,0.562214,0.254979,-4.49606,-0.408359,-0.168974,-2.65092
100,0.05,0.03,0.2,1,230,0.562213,0.255515,-4.49602,-0.408359,-0.169362,-2.65088
100,0.05,0.03,0.2,1,231,0.562213,0.256049,-4.49598,-0.408358,-0.16975,-2.65084
100,0.05,0.03,0.2,1,232,0.562213,0.256583,-4.49594,-0.408358,-0.170138,-2.6508
100,0.05,0.03,0.2,1,233,0.562212,0.257115,-4.4959,-0.408358,-0.170524,-2.65076
100,0.05,0.03,0.2,1,234,0.562212,0.257646,-4.49586,-0.408358,-0.170909,-2.65072
100,0.05,0.03,0.2,1,235,0.562212,0.258176,-4.49582,-0.408358,-0.171294,-2.65069
100,0.05,0.03,0.2,1,236,0.562212,0.258705,-4.49578,-0.408357,-0.171678,-2.65065
100,0.05,0.03,0.2,1,237,0.562211,0.259233,-4.49574,-0.408357,-0.172061,-2.65061
100,0.05,0.03,0.2,1,238,0.562211,0.259759,-4.4957,-0.408357,-0.172443,-2.65057
100,0.05,0.03,0.2,1,239,0.562211,0.260285,-4.49566,-0.408357,-0.172825,-2.65053
100,0.05,0.03,0.2,1,240,0.56221,0.260809,-4.49562,-0.408356,-0.173205,-2.6505
100,0.05,0.03,0.2,1,241,0.56221,0.261332,-4.49558,-0.408356,-0.173585,-2.65046
100,0.05,0.03,0.2,1,242,0.56221,0.261855,-4.49555,-0.408356,-0.173964,-2.65042
100,0.05,0.03,0.2,1,243,0.562209,0.262376,-4.49551,-0.408356,-0.174343,-2.65039
100,0.05,0.03,0.2,1,244,0.562209,0.262896,-4.49547,-0.408356,-0.17472,-2.65035
100,0.05,0.03,0.2,1,245,0.562209,0.263415,-4.49543,-0.408355,-0.175097,-2.65032
100,0.05,0.03,0.2,1,246,0.562209,0.263933,-4.4954,-0.408355,-0.175473,-2.65028
100,0.05,0.03,0.2,1,247,0.562208,0.26445,-4.49536,-0.408355,-0.175848,-2.65025
100,0.05,0.03,0.2,1,248,0.562208,0.264966,-4.49533,-0.408355,-0.176223,-2.65021
100,0.05,0.03,0.2,1,249,0.562208,0.26548,-4.49529,-0.408355,-0.176596,-2.65018
100,0.05,0.03,0.2,1,250,0.562208,0.265994,-4.49526,-0.408354,-0.176969,-2.65014
100,0.05,0.03,0.2,1,251,0.562207,0.266507,-4.49522,-0.408354,-0.177342,-2.65011
100,0.05,0.03,0.2,1,252,0.562207,0.267019,-4.49519,-0.408354,-0.177713,-2.65008
100,0.05,0.03,0.2,1,253,0.562207,0.267529,-4.49515,-0.408354,-0.178084,-2.65004
100,0.05,0.03,0.2,1,254,0.562206,0.268039,-4.49512,-0.408354,-0.178454,-2.65001
100,0.05,0.03,0.2,1,255,0.562206,0.268548,-4.49508,-0.408354,-0.178823,-2.64998
100,0.05,0.03,0.2,1,256,0.562206,0.269055,-4.49505,-0.408353,-0.179192,-2.64995
100,0.05,0.03,0.2,1,257,0.562206,0.269562,-4.49502,-0.408353,-0.179559,-2.64991
100,0.05,0.03,0.2,1,258,0.562205,0.270068,-4.49498,-0.408353,-0.179927,-2.64988
100,0.05,0.03,0.2,1,259,0.562205,0.270573,-4.49495,-0.408353,-0.180293,-2.64985
100,0.05,0.03,0.2,1,260,0.562205,0.271076,-4.49492,-0.408353,-0.180659,-2.64982
100,0.05,0.03,0.2,1,261,0.562205,0.271579,-4.49489,-0.408352,-0.181024,-2.64979
100,0.05,0.03,0.2,1,262,0.562204,0.272081,-4.49485,-0.408352,-0.181388,-2.64976
100,0.05,0.03,0.2,1,263,0.562204,0.272582,-4.49482,-0.408352,-0.181752,-2.64972
100,0.05,0.03,0.2,1,264,0.562204,0.273082,-4.49479,-0.408352,-0.182115,-2.64969
100,0.05,0.03,0.2,1,265,0.562204,0.273581,-4.49476,-0.408352,-0.182477,-2.64966
100,0.05,0.03,0.2,1,266,0.562203,0.274079,-4.49473,-0.408352,-0.182838,-2.64963
100,0.05,0.03,0.2,1,267,0.562203,0.274576,-4.4947,-0.408351,-0.183199,-2.6496
100,0.05,0.03,0.2,1,268,0.562203,0.275072,-4.49467,-0.408351,-0.183559,-2.64957
100,0.05,0.03,0.2,1,269,0.562203,0.275568,-4.49464,-0.408351,-0.183919,-2.64955
100,0.05,0.03,0.2,1,270,0.562203,0.276062,-4.49461,-0.408351,-0.184278,-2.64952
100,0.05,0.03,0.2,1,271,0.562202,0.276555,-4.49458,-0.408351,-0.184636,-2.64949
100,0.05,0.03,0.2,1,272,0.562202,0.277048,-4.49455,-0.408351,-0.184994,-2.64946
100,0.05,0.03,0.2,1,273,0.562202,0.27754,-4.49452,-0.40835,-0.18535,-2.64943
100,0.05,0.03,0.2,1,274,0.562202,0.27803,-4.49449,-0.40835,-0.185707,-2.6494
100,0.05,0.03,0.2,1,275,0.562201,0.27852,-4.49446,-0.40835,-0.186062,-2.64937
100,0.05,0.03,0.2,1,276,0.562201,0.279009,-4.49443,-0.40835,-0.186417,-2.64935
100,0.05,0.03,0.2,1,277,0.562201,0.279497,-4.4944,-0.40835,-0.186771,-2.64932
100,0.05,0.03,0.2,1,278,0.562201,0.279984,-4.49437,-0.40835,-0.187125,-2.64929
100,0.05,0.03,0.2,1,279,0.562201,0.280471,-4.49434,-0.408349,-0.187478,-2.64926
100,0.05,0.03,0.2,1,280,0.5622,0.280956,-4.49432,-0.408349,-0.187831,-2.64924
100,0.05,0.03,0.2,1,281,0.5622,0.28144,-4.49429,-0.408349,-0.188182,-2.64921
100,0.05,0.03,0.2,1,282,0.5622,0.281924,-4.49426,-0.408349,-0.188533,-2.64918
100,0.05,0.03,0.2,1,283,0.5622,0.282407,-4.49423,-0.408349,-0.188884,-2.64916
100,0.05,0.03,0.2,1,284,0.562199,0.282889,-4.4942,-0.408349,-0.189234,-2.64913
100,0.05,0.03,0.2,1,285,0.562199,0.28337,-4.49418,-0.408348,-0.189583,-2.6491
100,0.05,0.03,0.2,1,286,0.562199,0.28385,-4.49415,-0.408348,-0.189932,-2.64908
100,0.05,0.03,0.2,1,287,0.562199,0.28433,-4.49412,-0.408348,-0.19028,-2.64905
100,0.05,0.03,0.2,1,288,0.562199,0.284808,-4.4941,-0.408348,-0.190627,-2.64903
100,0.05,0.03,0.2,1,289,0.562198,0.285286,-4.49407,-0.408348,-0.190974,-2.649
100,0.05,0.03,0.2,1,290,0.562198,0.285763,-4.49405,-0.408348,-0.19132,-2.64898
100,0.05,0.03,0.2,1,291,0.562198,0.286239,-4.49402,-0.408348,-0.191666,-2.64895
100,0.05,0.03,0.2,1,292,0.562198,0.286715,-4.49399,-0.408347,-0.192011,-2.64893
100,0.05,0.03,0.2,1,293,0.562198,0.287189,-4.49397,-0.408347,-0.192356,-2.6489
100,0.05,0.03,0.2,1,294,0.562197,0.287663,-4.49394,-0.408347,-0.192699,-2.64888
100,0.05,0.03,0.2,1,295,0.562197,0.288136,-4.49392,-0.408347,-0.193043,-2.64885
100,0.05,0.03,0.2,1,296,0.562197,0.288608,-4.49389,-0.408347,-0.193386,-2.64883
100,0.05,0.03,0.2,1,297,0.562197,0.289079,-4.49387,-0.408347,-0.193728,-2.6488
100,0.05,0.03,0.2,1,298,0.562197,0.28955,-4.49384,-0.408347,-0.194069,-2.64878
100,0.05,0.03,0.2,1,299,0.562196,0.290019,-4.49382,-0.408346,-0.19441,-2.64876
100,0.05,0.03,0.2,1,300,0.562196,0.290488,-4.49379,-0.408346,-0.194751,-2.64873
100,0.05,0.03,0.2,1,301,0.562196,0.290956,-4.49377,-0.408346,-0.19509,-2.64871
100,0.05,0.03,0.2,1,302,0.562196,0.291424,-4.49374,-0.408346,-0.19543,-2.64869
100,0.05,0.03,0.2,1,303,0.562196,0.29189,-4.49372,-0.408346,-0.195769,-2.64866
100,0.05,0.03,0.2,1,304,0.562196,0.292356,-4.4937,-0.408346,-0.196107,-2.64864
100,0.05,0.03,0.2,1,305,0.562195,0.292821,-4.49367,-0.408346,-0.196444,-2.64862
100,0.05,0.03,0.2,1,306,0.562195,0.293286,-4.49365,-0.408346,-0.196781,-2.64859
100,0.05,0.03,0.2,1,307,0.562195,0.293749,-4.49363,-0.408345,-0.197118,-2.64857
100,0.05,0.03,0.2,1,308,0.562195,0.294212,-4.4936,-0.408345,-0.197454,-2.64855
100,0.05,0.03,0.2,1,309,0.562195,0.294674,-4.49358,-0.408345,-0.197789,-2.64853
100,0.05,0.03,0.2,1,310,0.562194,0.295135,-4.49356,-0.408345,-0.198124,-2.6485
100,0.05,0.03,0.2,1,311,0.562194,0.295596,-4.49353,-0.408345,-0.198459,-2.64848
100,0.05,0.03,0.2,1,312,0.562194,0.296056,-4.49351,-0.408345,-0.198792,-2.64846
100,0.05,0.03,0.2,1,313,0.562194,0.296515,-4.49349,-0.408345,-0.199126,-2.64844
100,0.05,0.03,0.2,1,314,0.562194,0.296973,-4.49347,-0.408345,-0.199458,-2.64842
100,0.05,0.03,0.2,1,315,0.562194,0.297431,-4.49345,-0.408344,-0.199791,-2.6484
100,0.05,0.03,0.2,1,316,0.562193,0.297888,-4.49342,-0.408344,-0.200122,-2.64837
100,0.05,0.03,0.2,1,317,0.562193,0.298344,-4.4934,-0.408344,-0.200453,-2.64835
100,0.05,0.03,0.2,1,318,0.562193,0.298799,-4.49338,-0.408344,-0.200784,-2.64833
100,0.05,0.03,0.2,1,319,0.562193,0.299254,-4.49336,-0.408344,-0.201114,-2.64831
100,0.05,0.03,0.2,1,320,0.562193,0.299708,-4.49334,-0.408344,-0.201444,-2.64829
100,0.05,0.03,0.2,1,321,0.562193,0.300161,-4.49332,-0.408344,-0.201773,-2.64827
100,0.05,0.03,0.2,1,322,0.562192,0.300614,-4.49329,-0.408344,-0.202101,-2.64825
100,0.05,0.03,0.2,1,323,0.562192,0.301066,-4.49327,-0.408343,-0.202429,-2.64823
100,0.05,0.03,0.2,1,324,0.562192,0.301517,-4.49325,-0.408343,-0.202757,-2.64821
100,0.05,0.03,0.2,1,325,0.562192,0.301967,-4.49323,-0.408343,-0.203084,-2.64819
100,0.05,0.03,0.2,1,326,0.562192,0.302417,-4.49321,-0.408343,-0.203411,-2.64817
100,0.05,0.03,0.2,1,327,0.562192,0.302866,-4.49319,-0.408343,-0.203737,-2.64815
100,0.05,0.03,0.2,1,328,0.562191,0.303315,-4.49317,-0.408343,-0.204062,-2.64813
100,0.05,0.03,0.2,1,329,0.562191,0.303762,-4.49315,-0.408343,-0.204387,-2.64811
100,0.05,0.03,0.2,1,330,0.562191,0.304209,-4.49313,-0.408343,-0.204712,-2.64809
100,0.05,0.03,0.2,1,331,0.562191,0.304656,-4.49311,-0.408343,-0.205036,-2.64807
100,0.05,0.03,0.2,1,332,0.562191,0.305102,-4.49309,-0.408342,-0.20536,-2.64805
100,0.05,0.03,0.2,1,333,0.562191,0.305547,-4.49307,-0.408342,-0.205683,-2.64803
100,0.05,0.03,0.2,1,334,0.562191,0.305991,-4.49305,-0.408342,-0.206005,-2.64801
100,0.05,0.03,0.2,1,335,0.56219,0.306435,-4.49303,-0.408342,-0.206327,-2.648
100,0.05,0.03,0.2,1,336,0.56219,0.306878,-4.49301,-0.408342,-0.206649,-2.64798
100,0.05,0.03,0.2,1,337,0.56219,0.30732,-4.49299,-0.408342,-0.20697,-2.64796
100,0.05,0.03,0.2,1,338,0.56219,0.307762,-4.49297,-0.408342,-0.207291,-2.64794
100,0.05,0.03,0.2,1,339,0.56219,0.308203,-4.49295,-0.408342,-0.207611,-2.64792
100,0.05,0.03,0.2,1,340,0.56219,0.308643,-4.49293,-0.408342,-0.207931,-2.6479
100,0.05,0.03,0.2,1,341,0.562189,0.309083,-4.49292,-0.408341,-0.20825,-2.64788
100,0.05,0.03,0.2,1,342,0.562189,0.309522,-4.4929,-0.408341,-0.208569,-2.64787
100,0.05,0.03,0.2,1,343,0.562189,0.309961,-4.49288,-0.408341,-0.208887,-2.64785
100,0.05,0.03,0.2,1,344,0.562189,0.310399,-4.49286,-0.408341,-0.209205,-2.64783
100,0.05,0.03,0.2,1,345,0.562189,0.310836,-4.49284,-0.408341,-0.209523,-2.64781
100,0.05,0.03,0.2,1,346,0.562189,0.311272,-4.49282,-0.408341,-0.20984,-2.64779
100,0.05,0.03,0.2,1,347,0.562189,0.311708,-4.4928,-0.408341,-0.210156,-2.64778
100,0.05,0.03,0.2,1,348,0.562188,0.312144,-4.49279,-0.408341,-0.210472,-2.64776
100,0.05,0.03,0.2,1,349,0.562188,0.312578,-4.49277,-0.408341,-0.210788,-2.64774
100,0.05,0.03,0.2,1,350,0.562188,0.313013,-4.49275,-0.40834,-0.211103,-2.64772
100,0.05,0.03,0.2,1,351,0.562188,0.313446,-4.49273,-0.40834,-0.211418,-2.64771
100,0.05,0.03,0.2,1,352,0.562188,0.313879,-4.49271,-0.40834,-0.211732,-2.64769
100,0.05,0.03,0.2,1,353,0.562188,0.314311,-4.4927,-0.40834,-0.212046,-2.64767
100,0.05,0.03,0.2,1,354,0.562188,0.314743,-4.49268,-0.40834,-0.212359,-2.64766
100,0.05,0.03,0.2,1,355,0.562188,0.315174,-4.49266,-0.40834,-0.212672,-2.64764
100,0.05,0.03,0.2,1,356,0.562187,0.315604,-4.49264,-0.40834,-0.212984,-2.64762
100,0.05,0.03,0.2,1,357,0.562187,0.316034,-4.49263,-0.40834,-0.213296,-2.64761
100,0.05,0.03,0.2,1,358,0.562187,0.316463,-4.49261,-0.40834,-0.213608,-2.64759
100,0.05,0.03,0.2,1,359,0.562187,0.316892,-4.49259,-0.40834,-0.213919,-2.64757
100,0.05,0.03,0.2,1,360,0.562187,0.31732,-4.49258,-0.40834,-0.21423,-2.64756
100,0.05,0.03,0.2,1,361,0.562187,0.317747,-4.49256,-0.408339,-0.21454,-2.64754
100,0.05,0.03,0.2,1,362,0.562187,0.318174,-4.49254,-0.408339,-0.21485,-2.64752
100,0.05,0.03,0.2,1,363,0.562186,0.3186,-4.49253,-0.408339,-0.21516,-2.64751
100,0.05,0.03,0.2,1,364,0.562186,0.319026,-4.49251,-0.408339,-0.215469,-2.64749
100,0.05,0.03,0.2,1,365,0.562186,0.319451,-4.49249,-0.408339,-0.215777,-2.64748
100,0.05,0.03,0.2,1,366,0.562186,0.319875,-4.49248,-0.408339,-0.216085,-2.64746
100,0.05,0.03,0.2,1,367,0.562186,0.320299,-4.49246,-0.408339,-0.216393,-2.64744
100,0.05,0.03,0.2,1,368,0.562186,0.320723,-4.49244,-0.408339,-0.2167,-2.64743
100,0.05,0.03,0.2,1,369,0.562186,0.321145,-4.49243,-0.408339,-0.217007,-2.64741
100,0.05,0.03,0.2,1,370,0.562186,0.321567,-4.49241,-0.408339,-0.217314,-2.6474
100,0.05,0.03,0.2,1,371,0.562185,0.321989,-4.4924,-0.408339,-0.21762,-2.64738
100,0.05,0.03,0.2,1,372,0.562185,0.32241,-4.49238,-0.408338,-0.217926,-2.64737
100,0.05,0.03,0.2,1,373,0.562185,0.322831,-4.49236,-0.408338,-0.218231,-2.64735
100,0.05,0.03,0.2,1,374,0.562185,0.32325,-4.49235,-0.408338,-0.218536,-2.64734
100,0.05,0.03,0.2,1,375,0.562185,0.32367,-4.49233,-0.408338,-0.21884,-2.64732
100,0.05,0.03,0.2,1,376,0.562185,0.324089,-4.49232,-0.408338,-0.219144,-2.64731
100,0.05,0.03,0.2,1,377,0.562185,0.324507,-4.4923,-0.408338,-0.219448,-2.64729
100,0.05,0.03,0.2,1,378,0.562185,0.324924,-4.49229,-0.408338,-0.219751,-2.64728
100,0.05,0.03,0.2,1,379,0.562185,0.325342,-4.49227,-0.408338,-0.220054,-2.64726
100,0.05,0.03,0.2,1,380,0.562184,0.325758,-4.49226,-0.408338,-0.220356,-2.64725
100,0.05,0.03,0.2,1,381,0.562184,0.326174,-4.49224,-0.408338,-0.220658,-2.64723
100,0.05,0.03,0.2,1,382,0.562184,0.32659,-4.49223,-0.408338,-0.22096,-2.64722
100,0.05,0.03,0.2,1,383,0.562184,0.327005,-4.49221,-0.408337,-0.221261,-2.6472
100,0.05,0.03,0.2,1,384,0.562184,0.327419,-4.4922,-0.408337,-0.221562,-2.64719
100,0.05,0.03,0.2,1,385,0.562184,0.327833,-4.49218,-0.408337,-0.221863,-2.64718
100,0.05,0.03,0.2,1,386,0.562184,0.328246,-4.49217,-0.408337,-0.222163,-2.64716
100,0.05,0.03,0.2,1,387,0.562184,0.328659,-4.49215,-0.408337,-0.222462,-2.64715
100,0.05,0.03,0.2,1,388,0.562183,0.329071,-4.49214,-0.408337,-0.222762,-2.64713
100,0.05,0.03,0.2,1,389,0.562183,0.329483,-4.49212,-0.408337,-0.223061,-2.64712
100,0.05,0.03,0.2,1,390,0.562183,0.329894,-4.49211,-0.408337,-0.223359,-2.64711
100,0.05,0.03,0.2,1,391,0.562183,0.330305,-4.49209,-0.408337,-0.223657,-2.64709
100,0.05,0.03,0.2,1,392,0.562183,0.330715,-4.49208,-0.408337,-0.223955,-2.64708
100,0.05,0.03,0.2,1,393,0.562183,0.331124,-4.49207,-0.408337,-0.224252,-2.64706
100,0.05,0.03,0.2,1,394,0.562183,0.331534,-4.49205,-0.408337,-0.224549,-2.64705
100,0.05,0.03,0.2,1,395,0.562183,0.331942,-4.49204,-0.408337,-0.224846,-2.64704
100,0.05,0.03,0.2,1,396,0.562183,0.33235,-4.49202,-0.408336,-0.225142,-2.64702
100,0.05,0.03,0.2,1,397,0.562183,0.332758,-4.49201,-0.408336,-0.225438,-2.64701
100,0.05,0.03,0.2,1,398,0.562182,0.333165,-4.492,-0.408336,-0.225734,-2.647
100,0.05,0.03,0.2,1,399,0.562182,0.333571,-4.49198,-0.408336,-0.226029,-2.64698
100,0.05,0.03,0.2,1,400,0.562182,0.333977,-4.49197,-0.408336,-0.226324,-2.64697
100,0.05,0.03,0.2,1,401,0.562182,0.334383,-4.49195,-0.408336,-0.226618,-2.64696
100,0.05,0.03,0.2,1,402,0.562182,0.334788,-4.49194,-0.408336,-0.226912,-2.64694
100,0.05,0.03,0.2,1,403,0.562182,0.335192,-4.49193,-0.408336,-0.227206,-2.64693
100,0.05,0.03,0.2,1,404,0.562182,0.335596,-4.49191,-0.408336,-0.227499,-2.64692
100,0.05,0.03,0.2,1,405,0.562182,0.336,-4.4919,-0.408336,-0.227792,-2.6469
100,0.05,0.03,0.2,1,406,0.562182,0.336403,-4.49189,-0.408336,-0.228085,-2.64689
100,0.05,0.03,0.2,1,407,0.562181,0.336805,-4.49187,-0.408336,-0.228377,-2.64688
100,0.05,0.03,0.2,1,408,0.562181,0.337207,-4.49186,-0.408336,-0.228669,-2.64687
100,0.05,0.03,0.2,1,409,0.562181,0.337609,-4.49185,-0.408335,-0.22896,-2.64685
100,0.05,0.03,0.2,1,410,0.562181,0.33801,-4.49183,-0.408335,-0.229251,-2.64684
100,0.05,0.03,0.2,1,411,0.562181,0.33841,-4.49182,-0.408335,-0.229542,-2.64683
100,0.05,0.03,0.2,1,412,0.562181,0.33881,-4.49181,-0.408335,-0.229833,-2.64682
100,0.05,0.03,0.2,1,413,0.562181,0.33921,-4.4918,-0.408335,-0.230123,-2.6468
100,0.05,0.03,0.2,1,414,0.562181,0.339609,-4.49178,-0.408335,-0.230413,-2.64679
100,0.05,0.03,0.2,1,415,0.562181,0.340008,-4.49177,-0.408335,-0.230702,-2.64678
100,0.05,0.03,0.2,1,416,0.562181,0.340406,-4.49176,-0.408335,-0.230991,-2.64677
100,0.05,0.03,0.2,1,417,0.56218,0.340803,-4.49175,-0.408335,-0.23128,-2.64675
100,0.05,0.03,0.2,1,418,0.56218,0.3412,-4.49173,-0.408335,-0.231568,-2.64674
100,0.05,0.03,0.2,1,419,0.56218,0.341597,-4.49172,-0.408335,-0.231856,-2.64673
100,0.05,0.03,0.2,1,420,0.56218,0.341993,-4.49171,-0.408335,-0.232144,-2.64672
100,0.05,0.03,0.2,1,421,0.56218,0.342389,-4.4917,-0.408335,-0.232431,-2.64671
100,0.05,0.03,0.2,1,422,0.56218,0.342784,-4.49168,-0.408335,-0.232718,-2.64669
100,0.05,0.03,0.2,1,423,0.56218,0.343179,-4.49167,-0.408334,-0.233005,-2.64668
100,0.05,0.03,0.2,1,424,0.56218,0.343573,-4.49166,-0.408334,-0.233291,-2.64667
100,0.05,0.03,0.2,1,425,0.56218,0.343967,-4.49165,-0.408334,-0.233577,-2.64666
100,0.05,0.03,0.2,1,426,0.56218,0.344361,-4.49163,-0.408334,-0.233863,-2.64665
100,0.05,0.03,0.2,1,427,0.56218,0.344754,-4.49162,-0.408334,-0.234148,-2.64664
100,0.05,0.03,0.2,1,428,0.562179,0.345146,-4.49161,-0.408334,-0.234433,-2.64662
100,0.05,0.03,0.2,1,429,0.562179,0.345538,-4.4916,-0.408334,-0.234717,-2.64661
100,0.05,0.03,0.2,1,430,0.562179,0.34593,-4.49159,-0.408334,-0.235002,-2.6466
100,0.05,0.03,0.2,1,431,0.562179,0.346321,-4.49157,-0.408334,-0.235286,-2.64659
100,0.05,0.03,0.2,1,432,0.562179,0.346711,-4.49156,-0.408334,-0.235569,-2.64658
100,0.05,0.03,0.2,1,433,0.562179,0.347102,-4.49155,-0.408334,-0.235853,-2.64657
100,0.05,0.03,0.2,1,434,0.562179,0.347491,-4.49154,-0.408334,-0.236136,-2.64656
100,0.05,0.03,0.2,1,435,0.562179,0.347881,-4.49153,-0.408334,-0.236418,-2.64654
100,0.05,0.03,0.2,1,436,0.562179,0.34827,-4.49152,-0.408334,-0.236701,-2.64653
100,0.05,0.03,0.2,1,437,0.562179,0.348658,-4.49151,-0.408334,-0.236983,-2.64652
100,0.05,0.03,0.2,1,438,0.562179,0.349046,-4.49149,-0.408333,-0.237264,-2.64651
100,0.05,0.03,0.2,1,439,0.562178,0.349434,-4.49148,-0.408333,-0.237546,-2.6465
100,0.05,0.03,0.2,1,440,0.562178,0.349821,-4.49147,-0.408333,-0.237827,-2.64649
100,0.05,0.03,0.2,1,441,0.562178,0.350207,-4.49146,-0.408333,-0.238107,-2.64648
100,0.05,0.03,0.2,1,442,0.562178,0.350593,-4.49145,-0.408333,-0.238388,-2.64647
100,0.05,0.03,0.2,1,443,0.562178,0.350979,-4.49144,-0.408333,-0.238668,-2.64646
100,0.05,0.03,0.2,1,444,0.562178,0.351365,-4.49143,-0.408333,-0.238948,-2.64645
100,0.05,0.03,0.2,1,445,0.562178,0.351749,-4.49142,-0.408333,-0.239227,-2.64644
100,0.05,0.03,0.2,1,446,0.562178,0.352134,-4.4914,-0.408333,-0.239506,-2.64642
100,0.05,0.03,0.2,1,447,0.562178,0.352518,-4.49139,-0.408333,-0.239785,-2.64641
100,0.05,0.03,0.2,1,448,0.562178,0.352902,-4.49138,-0.408333,-0.240064,-2.6464
100,0.05,0.03,0.2,1,449,0.562178,0.353285,-4.49137,-0.408333,-0.240342,-2.64639
100,0.05,0.03,0.2,1,450,0.562177,0.353667,-4.49136,-0.408333,-0.24062,-2.64638
100,0.05,0.03,0.2,1,451,0.562177,0.35405,-4.49135,-0.408333,-0.240897,-2.64637
100,0.05,0.03,0.2,1,452,0.562177,0.354432,-4.49134,-0.408333,-0.241175,-2.64636
100,0.05,0.03,0.2,1,453,0.562177,0.354813,-4.49133,-0.408333,-0.241452,-2.64635
100,0.05,0.03,0.2,1,454,0.562177,0.355194,-4.49132,-0.408332,-0.241728,-2.64634
100,0.05,0.03,0.2,1,455,0.562177,0.355575,-4.49131,-0.408332,-0.242005,-2.64633
100,0.05,0.03,0.2,1,456,0.562177,0.355955,-4.4913,-0.408332,-0.242281,-2.64632
100,0.05,0.03,0.2,1,457,0.562177,0.356335,-4.49129,-0.408332,-0.242557,-2.64631
100,0.05,0.03,0.2,1,458,0.562177,0.356714,-4.49128,-0.408332,-0.242832,-2.6463
100,0.05,0.03,0.2,1,459,0.562177,0.357093,-4.49127,-0.408332,-0.243107,-2.64629
100,0.05,0.03,0.2,1,460,0.562177,0.357472,-4.49125,-0.408332,-0.243382,-2.64628
100,0.05,0.03,0.2,1,461,0.562177,0.35785,-4.49124,-0.408332,-0.243657,-2.64627
100,0.05,0.03,0.2,1,462,0.562177,0.358228,-4.49123,-0.408332,-0.243931,-2.64626
100,0.05,0.03,0.2,1,463,0.562176,0.358605,-4.49122,-0.408332,-0.244205,-2.64625
100,0.05,0.03,0.2,1,464,0.562176,0.358982,-4.49121,-0.408332,-0.244479,-2.64624
100,0.05,0.03,0.2,1,465,0.562176,0.359359,-4.4912,-0.408332,-0.244752,-2.64623
100,0.05,0.03,0.2,1,466,0.562176,0.359735,-4.49119,-0.408332,-0.245025,-2.64622
100,0.05,0.03,0.2,1,467,0.562176,0.36011,-4.49118,-0.408332,-0.245298,-2.64621
100,0.05,0.03,0.2,1,468,0.562176,0.360486,-4.49117,-0.408332,-0.24557,-2.6462
100,0.05,0.03,0.2,1,469,0.562176,0.360861,-4.49116,-0.408332,-0.245843,-2.64619
100,0.05,0.03,0.2,1,470,0.562176,0.361235,-4.49115,-0.408332,-0.246114,-2.64618
100,0.05,0.03,0.2,1,471,0.562176,0.361609,-4.49114,-0.408332,-0.246386,-2.64617
100,0.05,0.03,0.2,1,472,0.562176,0.361983,-4.49113,-0.408331,-0.246657,-2.64616
100,0.05,0.03,0.2,1,473,0.562176,0.362356,-4.49112,-0.408331,-0.246928,-2.64615
100,0.05,0.03,0.2,1,474,0.562176,0.362729,-4.49111,-0.408331,-0.247199,-2.64615
100,0.05,0.03,0.2,1,475,0.562176,0.363102,-4.4911,-0.408331,-0.24747,-2.64614
100,0.05,0.03,0.2,1,476,0.562175,0.363474,-4.49109,-0.408331,-0.24774,-2.64613
100,0.05,0.03,0.2,1,477,0.562175,0.363846,-4.49109,-0.408331,-0.24801,-2.64612
100,0.05,0.03,0.2,1,478,0.562175,0.364217,-4.49108,-0.408331,-0.248279,-2.64611
100,0.05,0.03,0.2,1,479,0.562175,0.364588,-4.49107,-0.408331,-0.248549,-2.6461
100,0.05,0.03,0.2,1,480,0.562175,0.364959,-4.49106,-0.408331,-0.248818,-2.64609
100,0.05,0.03,0.2,1,481,0.562175,0.365329,-4.49105,-0.408331,-0.249087,-2.64608
100,0.05,0.03,0.2,1,482,0.562175,0.365699,-4.49104,-0.408331,-0.249355,-2.64607
100,0.05,0.03,0.2,1,483,0.562175,0.366068,-4.49103,-0.408331,-0.249623,-2.64606
100,0.05,0.03,0.2,1,484,0.562175,0.366437,-4.49102,-0.408331,-0.249891,-2.64605
100,0.05,0.03,0.2,1,485,0.562175,0.366806,-4.49101,-0.408331,-0.250159,-2.64604
100,0.05,0.03,0.2,1,486,0.562175,0.367174,-4.491,-0.408331,-0.250426,-2.64604
100,0.05,0.03,0.2,1,487,0.562175,0.367542,-4.49099,-0.408331,-0.250694,-2.64603
100,0.05,0.03,0.2,1,488,0.562175,0.367909,-4.49098,-0.408331,-0.25096,-2.64602
100,0.05,0.03,0.2,1,489,0.562175,0.368277,-4.49097,-0.408331,-0.251227,-2.64601
100,0.05,0.03,0.2,1,490,0.562174,0.368643,-4.49096,-0.408331,-0.251493,-2.646
100,0.05,0.03,0.2,1,491,0.562174,0.36901,-4.49095,-0.40833,-0.251759,-2.64599
100,0.05,0.03,0.2,1,492,0.562174,0.369376,-4.49095,-0.40833,-0.252025,-2.64598
100,0.05,0.03,0.2,1,493,0.562174,0.369741,-4.49094,-0.40833,-0.252291,-2.64597
100,0.05,0.03,0.2,1,494,0.562174,0.370107,-4.49093,-0.40833,-0.252556,-2.64596
100,0.05,0.03,0.2,1,495,0.562174,0.370472,-4.49092,-0.40833,-0.252821,-2.64596
100,0.05,0.03,0.2,1,496,0.562174,0.370836,-4.49091,-0.40833,-0.253086,-2.64595
100,0.05,0.03,0.2,1,497,0.562174,0.3712,-4.4909,-0.40833,-0.25335,-2.64594
100,0.05,0.03,0.2,1,498,0.562174,0.371564,-4.49089,-0.40833,-0.253614,-2.64593
100,0.05,0.03,0.2,1,499,0.562174,0.371928,-4.49088,-0.40833,-0.253878,-2.64592
100,0.05,0.03,0.2,1,500,0.562174,0.372291,-4.49087,-0.40833,-0.254142,-2.64591
S0,r,q,sigma,T,N,delta; call,gamma; call,theta; call,delta; put,gamma; put,theta; put
100,0.05,0.03,0.2,1,5000,0.562143,1.15693,-4.48695,-0.408308,-0.823987,-2.64212
100,0.05,0.03,0.2,1,1,-0.408308,-0.823987,-9.20533,-0.408308,-0.823987,-13.847
100,0.05,0.03,0.2,1,2,0.572391,0.0346748,-6.05142,-0.412721,-0.00514282,-4.16862
100,0.05,0.03,0.2,1,3,0.56851,0.0390498,-5.56083,-0.411689,-0.00963489,-3.69077
100,0.05,0.03,0.2,1,4,0.566745,0.0428558,-5.24709,-0.411006,-0.0133134,-3.38338
100,0.05,0.03,0.2,1,5,0.565748,0.0463563,-5.05588,-0.410537,-0.0164113,-3.19596
100,0.05,0.03,0.2,1,6,0.565108,0.0496188,-4.93599,-0.410202,-0.0191167,-3.0786
100,0.05,0.03,0.2,1,7,0.564662,0.0526768,-4.85675,-0.409952,-0.0215482,-3.00116
100,0.05,0.03,0.2,1,8,0.564333,0.055557,-4.80135,-0.409759,-0.0237787,-2.94711
100,0.05,0.03,0.2,1,9,0.56408,0.0582825,-4.76062,-0.409606,-0.025854,-2.90743
100,0.05,0.03,0.2,1,10,0.563879,0.0608732,-4.72941,-0.409482,-0.0278047,-2.87706
100,0.05,0.03,0.2,1,11,0.563716,0.0633457,-4.7047,-0.409379,-0.029652,-2.85304
100,0.05,0.03,0.2,1,12,0.563582,0.065714,-4.68462,-0.409293,-0.0314115,-2.83353
100,0.05,0.03,0.2,1,13,0.563468,0.0679897,-4.66797,-0.40922,-0.0330953,-2.81736
100,0.05,0.03,0.2,1,14,0.563371,0.0701824,-4.65392,-0.409156,-0.0347126,-2.80373
100,0.05,0.03,0.2,1,15,0.563287,0.0723006,-4.64191,-0.409101,-0.0362709,-2.79208
100,0.05,0.03,0.2,1,16,0.563214,0.074351,-4.63152,-0.409053,-0.0377765,-2.782
100,0.05,0.03,0.2,1,17,0.56315,0.0763398,-4.62243,-0.40901,-0.0392343,-2.77319
100,0.05,0.03,0.2,1,18,0.563093,0.078272,-4.61442,-0.408972,-0.0406489,-2.76543
100,0.05,0.03,0.2,1,19,0.563042,0.0801522,-4.60731,-0.408937,-0.0420238,-2.75853
100,0.05,0.03,0.2,1,20,0.562996,0.0819843,-4.60094,-0.408906,-0.0433624,-2.75237
100,0.05,0.03,0.2,1,21,0.562955,0.0837718,-4.59522,-0.408878,-0.0446673,-2.74682
100,0.05,0.03,0.2,1,22,0.562917,0.0855177,-4.59004,-0.408853,-0.045941,-2.74181
100,0.05,0.03,0.2,1,23,0.562883,0.0872249,-4.58534,-0.408829,-0.0471856,-2.73725
100,0.05,0.03,0.2,1,24,0.562851,0.0888957,-4.58104,-0.408808,-0.0484032,-2.73309
100,0.05,0.03,0.2,1,25,0.562823,0.0905324,-4.5771,-0.408788,-0.0495954,-2.72928
100,0.05,0.03,0.2,1,26,0.562796,0.092137,-4.57348,-0.40877,-0.0507637,-2.72577
100,0.05,0.03,0.2,1,27,0.562771,0.0937112,-4.57014,-0.408753,-0.0519096,-2.72254
100,0.05,0.03,0.2,1,28,0.562749,0.0952568,-4.56704,-0.408737,-0.0530342,-2.71954
100,0.05,0.03,0.2,1,29,0.562727,0.0967751,-4.56417,-0.408722,-0.0541388,-2.71676
100,0.05,0.03,0.2,1,30,0.562708,0.0982677,-4.56149,-0.408709,-0.0552243,-2.71417
100,0.05,0.03,0.2,1,31,0.562689,0.0997358,-4.55899,-0.408696,-0.0562918,-2.71176
100,0.05,0.03,0.2,1,32,0.562672,0.10118,-4.55666,-0.408684,-0.0573421,-2.7095
100,0.05,0.03,0.2,1,33,0.562656,0.102603,-4.55447,-0.408673,-0.0583761,-2.70738
100,0.05,0.03,0.2,1,34,0.56264,0.104004,-4.55241,-0.408662,-0.0593944,-2.70539
100,0.05,0.03,0.2,1,35,0.562626,0.105385,-4.55047,-0.408652,-0.0603977,-2.70351
100,0.05,0.03,0.2,1,36,0.562612,0.106746,-4.54865,-0.408642,-0.0613868,-2.70175
100,0.05,0.03,0.2,1,37,0.562599,0.108089,-4.54692,-0.408633,-0.0623621,-2.70008
100,0.05,0.03,0.2,1,38,0.562587,0.109413,-4.54529,-0.408625,-0.0633243,-2.6985
100,0.05,0.03,0.2,1,39,0.562576,0.11072,-4.54375,-0.408617,-0.0642739,-2.69701
100,0.05,0.03,0.2,1,40,0.562565,0.112011,-4.54228,-0.408609,-0.0652114,-2.69559
100,0.05,0.03,0.2,1,41,0.562554,0.113286,-4.54089,-0.408602,-0.0661372,-2.69424
100,0.05,0.03,0.2,1,42,0.562544,0.114545,-4.53956,-0.408595,-0.0670517,-2.69296
100,0.05,0.03,0.2,1,43,0.562535,0.11579,-4.5383,-0.408588,-0.0679553,-2.69174
100,0.05,0.03,0.2,1,44,0.562526,0.11702,-4.5371,-0.408582,-0.0688485,-2.69058
100,0.05,0.03,0.2,1,45,0.562517,0.118236,-4.53595,-0.408576,-0.0697316,-2.68947
100,0.05,0.03,0.2,1,46,0.562509,0.119439,-4.53485,-0.40857,-0.0706049,-2.6884
100,0.05,0.03,0.2,1,47,0.562501,0.120629,-4.5338,-0.408564,-0.0714687,-2.68739
100,0.05,0.03,0.2,1,48,0.562493,0.121806,-4.5328,-0.408559,-0.0723234,-2.68642
100,0.05,0.03,0.2,1,49,0.562486,0.122971,-4.53183,-0.408554,-0.0731692,-2.68549
100,0.05,0.03,0.2,1,50,0.562479,0.124125,-4.53091,-0.408549,-0.0740064,-2.68459
100,0.05,0.03,0.2,1,51,0.562473,0.125266,-4.53002,-0.408544,-0.0748353,-2.68373
100,0.05,0.03,0.2,1,52,0.562466,0.126397,-4.52917,-0.408539,-0.0756561,-2.68291
100,0.05,0.03,0.2,1,53,0.56246,0.127517,-4.52835,-0.408535,-0.076469,-2.68212
100,0.05,0.03,0.2,1,54,0.562454,0.128627,-4.52756,-0.408531,-0.0772742,-2.68136
100,0.05,0.03,0.2,1,55,0.562448,0.129726,-4.5268,-0.408527,-0.078072,-2.68062
100,0.05,0.03,0.2,1,56,0.562443,0.130815,-4.52607,-0.408523,-0.0788626,-2.67991
100,0.05,0.03,0.2,1,57,0.562437,0.131895,-4.52536,-0.408519,-0.0796462,-2.67923
100,0.05,0.03,0.2,1,58,0.562432,0.132965,-4.52468,-0.408515,-0.0804229,-2.67857
100,0.05,0.03,0.2,1,59,0.562427,0.134026,-4.52402,-0.408512,-0.0811929,-2.67794
100,0.05,0.03,0.2,1,60,0.562422,0.135078,-4.52339,-0.408508,-0.0819565,-2.67732
100,0.05,0.03,0.2,1,61,0.562418,0.136121,-4.52278,-0.408505,-0.0827137,-2.67673
100,0.05,0.03,0.2,1,62,0.562413,0.137156,-4.52218,-0.408502,-0.0834647,-2.67616
100,0.05,0.03,0.2,1,63,0.562409,0.138183,-4.52161,-0.408499,-0.0842097,-2.6756
100,0.05,0.03,0.2,1,64,0.562405,0.139201,-4.52105,-0.408496,-0.0849488,-2.67506
100,0.05,0.03,0.2,1,65,0.562401,0.140212,-4.52051,-0.408493,-0.0856821,-2.67454
100,0.05,0.03,0.2,1,66,0.562397,0.141214,-4.51999,-0.40849,-0.0864098,-2.67404
100,0.05,0.03,0.2,1,67,0.562393,0.14221,-4.51948,-0.408487,-0.087132,-2.67355
100,0.05,0.03,0.2,1,68,0.562389,0.143197,-4.51899,-0.408485,-0.0878489,-2.67307
100,0.05,0.03,0.2,1,69,0.562385,0.144178,-4.51851,-0.408482,-0.0885605,-2.67261
100,0.05,0.03,0.2,1,70,0.562382,0.145151,-4.51805,-0.40848,-0.0892669,-2.67216
100,0.05,0.03,0.2,1,71,0.562378,0.146118,-4.5176,-0.408477,-0.0899683,-2.67173
100,0.05,0.03,0.2,1,72,0.562375,0.147078,-4.51716,-0.408475,-0.0906648,-2.67131
100,0.05,0.03,0.2,1,73,0.562372,0.148031,-4.51674,-0.408472,-0.0913565,-2.67089
100,0.05,0.03,0.2,1,74,0.562369,0.148978,-4.51632,-0.40847,-0.0920435,-2.67049
100,0.05,0.03,0.2,1,75,0.562366,0.149918,-4.51592,-0.408468,-0.0927258,-2.67011
100,0.05,0.03,0.2,1,76,0.562363,0.150852,-4.51553,-0.408466,-0.0934036,-2.66973
100,0.05,0.03,0.2,1,77,0.56236,0.15178,-4.51515,-0.408464,-0.0940769,-2.66936
100,0.05,0.03,0.2,1,78,0.562357,0.152702,-4.51477,-0.408462,-0.0947459,-2.669
100,0.05,0.03,0.2,1,79,0.562354,0.153618,-4.51441,-0.40846,-0.0954107,-2.66865
100,0.05,0.03,0.2,1,80,0.562352,0.154528,-4.51406,-0.408458,-0.0960712,-2.66831
100,0.05,0.03,0.2,1,81,0.562349,0.155433,-4.51372,-0.408456,-0.0967276,-2.66798
100,0.05,0.03,0.2,1,82,0.562346,0.156332,-4.51338,-0.408454,-0.09738,-2.66765
100,0.05,0.03,0.2,1,83,0.562344,0.157225,-4.51305,-0.408452,-0.0980284,-2.66733
100,0.05,0.03,0.2,1,84,0.562341,0.158113,-4.51273,-0.408451,-0.0986729,-2.66703
100,0.05,0.03,0.2,1,85,0.562339,0.158996,-4.51242,-0.408449,-0.0993136,-2.66672
100,0.05,0.03,0.2,1,86,0.562337,0.159874,-4.51212,-0.408447,-0.0999505,-2.66643
100,0.05,0.03,0.2,1,87,0.562334,0.160747,-4.51182,-0.408446,-0.100584,-2.66614
100,0.05,0.03,0.2,1,88,0.562332,0.161614,-4.51153,-0.408444,-0.101213,-2.66586
100,0.05,0.03,0.2,1,89,0.56233,0.162477,-4.51124,-0.408443,-0.101839,-2.66559
100,0.05,0.03,0.2,1,90,0.562328,0.163335,-4.51097,-0.408441,-0.102462,-2.66532
100,0.05,0.03,0.2,1,91,0.562326,0.164188,-4.51069,-0.40844,-0.103081,-2.66506
100,0.05,0.03,0.2,1,92,0.562324,0.165037,-4.51043,-0.408438,-0.103697,-2.6648
100,0.05,0.03,0.2,1,93,0.562322,0.165881,-4.51017,-0.408437,-0.104309,-2.66455
100,0.05,0.03,0.2,1,94,0.56232,0.16672,-4.50991,-0.408435,-0.104918,-2.6643
100,0.05,0.03,0.2,1,95,0.562318,0.167555,-4.50967,-0.408434,-0.105524,-2.66406
100,0.05,0.03,0.2,1,96,0.562316,0.168385,-4.50942,-0.408433,-0.106127,-2.66383
100,0.05,0.03,0.2,1,97,0.562314,0.169212,-4.50918,-0.408431,-0.106726,-2.6636
100,0.05,0.03,0.2,1,98,0.562313,0.170034,-4.50895,-0.40843,-0.107323,-2.66337
100,0.05,0.03,0.2,1,99,0.562311,0.170851,-4.50872,-0.408429,-0.107916,-2.66315
100,0.05,0.03,0.2,1,100,0.562309,0.171665,-4.5085,-0.408428,-0.108507,-2.66293
100,0.05,0.03,0.2,1,101,0.562307,0.172475,-4.50828,-0.408426,-0.109094,-2.66272
100,0.05,0.03,0.2,1,102,0.562306,0.17328,-4.50806,-0.408425,-0.109679,-2.66251
100,0.05,0.03,0.2,1,103,0.562304,0.174082,-4.50785,-0.408424,-0.11026,-2.66231
100,0.05,0.03,0.2,1,104,0.562303,0.17488,-4.50764,-0.408423,-0.110839,-2.66211
100,0.05,0.03,0.2,1,105,0.562301,0.175674,-4.50744,-0.408422,-0.111415,-2.66191
100,0.05,0.03,0.2,1,106,0.5623,0.176464,-4.50724,-0.408421,-0.111989,-2.66172
100,0.05,0.03,0.2,1,107,0.562298,0.17725,-4.50705,-0.40842,-0.11256,-2.66153
100,0.05,0.03,0.2,1,108,0.562297,0.178033,-4.50685,-0.408419,-0.113128,-2.66135
100,0.05,0.03,0.2,1,109,0.562295,0.178812,-4.50667,-0.408418,-0.113693,-2.66117
100,0.05,0.03,0.2,1,110,0.562294,0.179588,-4.50648,-0.408417,-0.114256,-2.66099
100,0.05,0.03,0.2,1,111,0.562292,0.18036,-4.5063,-0.408416,-0.114816,-2.66081
100,0.05,0.03,0.2,1,112,0.562291,0.181128,-4.50612,-0.408415,-0.115374,-2.66064
100,0.05,0.03,0.2,1,113,0.56229,0.181894,-4.50595,-0.408414,-0.115929,-2.66047
100,0.05,0.03,0.2,1,114,0.562288,0.182656,-4.50577,-0.408413,-0.116482,-2.6603
100,0.05,0.03,0.2,1,115,0.562287,0.183414,-4.50561,-0.408412,-0.117033,-2.66014
100,0.05,0.03,0.2,1,116,0.562286,0.184169,-4.50544,-0.408411,-0.117581,-2.65998
100,0.05,0.03,0.2,1,117,0.562284,0.184921,-4.50528,-0.40841,-0.118126,-2.65982
100,0.05,0.03,0.2,1,118,0.562283,0.18567,-4.50512,-0.408409,-0.11867,-2.65967
100,0.05,0.03,0.2,1,119,0.562282,0.186415,-4.50496,-0.408408,-0.119211,-2.65952
100,0.05,0.03,0.2,1,120,0.562281,0.187158,-4.5048,-0.408407,-0.119749,-2.65937
100,0.05,0.03,0.2,1,121,0.56228,0.187897,-4.50465,-0.408406,-0.120286,-2.65922
100,0.05,0.03,0.2,1,122,0.562279,0.188634,-4.5045,-0.408406,-0.12082,-2.65907
100,0.05,0.03,0.2,1,123,0.562277,0.189367,-4.50435,-0.408405,-0.121353,-2.65893
100,0.05,0.03,0.2,1,124,0.562276,0.190097,-4.50421,-0.408404,-0.121883,-2.65879
100,0.05,0.03,0.2,1,125,0.562275,0.190825,-4.50407,-0.408403,-0.12241,-2.65865
100,0.05,0.03,0.2,1,126,0.562274,0.191549,-4.50393,-0.408402,-0.122936,-2.65852
100,0.05,0.03,0.2,1,127,0.562273,0.192271,-4.50379,-0.408402,-0.12346,-2.65838
100,0.05,0.03,0.2,1,128,0.562272,0.192989,-4.50365,-0.408401,-0.123981,-2.65825
100,0.05,0.03,0.2,1,129,0.562271,0.193705,-4.50352,-0.4084,-0.124501,-2.65812
100,0.05,0.03,0.2,1,130,0.56227,0.194419,-4.50339,-0.408399,-0.125019,-2.658
100,0.05,0.03,0.2,1,131,0.562269,0.195129,-4.50326,-0.408399,-0.125534,-2.65787
100,0.05,0.03,0.2,1,132,0.562268,0.195837,-4.50313,-0.408398,-0.126048,-2.65775
100,0.05,0.03,0.2,1,133,0.562267,0.196542,-4.503,-0.408397,-0.12656,-2.65763
100,0.05,0.03,0.2,1,134,0.562266,0.197244,-4.50288,-0.408397,-0.127069,-2.65751
100,0.05,0.03,0.2,1,135,0.562265,0.197944,-4.50276,-0.408396,-0.127577,-2.65739
100,0.05,0.03,0.2,1,136,0.562264,0.198641,-4.50264,-0.408395,-0.128083,-2.65727
100,0.05,0.03,0.2,1,137,0.562263,0.199336,-4.50252,-0.408395,-0.128587,-2.65716
100,0.05,0.03,0.2,1,138,0.562262,0.200028,-4.5024,-0.408394,-0.12909,-2.65705
100,0.05,0.03,0.2,1,139,0.562262,0.200718,-4.50229,-0.408393,-0.12959,-2.65693
100,0.05,0.03,0.2,1,140,0.562261,0.201405,-4.50217,-0.408393,-0.130089,-2.65682
100,0.05,0.03,0.2,1,141,0.56226,0.20209,-4.50206,-0.408392,-0.130586,-2.65672
100,0.05,0.03,0.2,1,142,0.562259,0.202772,-4.50195,-0.408392,-0.131081,-2.65661
100,0.05,0.03,0.2,1,143,0.562258,0.203452,-4.50184,-0.408391,-0.131574,-2.65651
100,0.05,0.03,0.2,1,144,0.562257,0.204129,-4.50173,-0.40839,-0.132066,-2.6564
100,0.05,0.03,0.2,1,145,0.562257,0.204805,-4.50163,-0.40839,-0.132556,-2.6563
100,0.05,0.03,0.2,1,146,0.562256,0.205477,-4.50152,-0.408389,-0.133044,-2.6562
100,0.05,0.03,0.2,1,147,0.562255,0.206148,-4.50142,-0.408389,-0.133531,-2.6561
100,0.05,0.03,0.2,1,148,0.562254,0.206816,-4.50132,-0.408388,-0.134016,-2.656
100,0.05,0.03,0.2,1,149,0.562253,0.207482,-4.50122,-0.408388,-0.134499,-2.65591
100,0.05,0.03,0.2,1,150,0.562253,0.208146,-4.50112,-0.408387,-0.134981,-2.65581
100,0.05,0.03,0.2,1,151,0.562252,0.208808,-4.50102,-0.408386,-0.135461,-2.65572
100,0.05,0.03,0.2,1,152,0.562251,0.209467,-4.50093,-0.408386,-0.13594,-2.65562
100,0.05,0.03,0.2,1,153,0.56225,0.210124,-4.50083,-0.408385,-0.136417,-2.65553
100,0.05,0.03,0.2,1,154,0.56225,0.210779,-4.50074,-0.408385,-0.136892,-2.65544
100,0.05,0.03,0.2,1,155,0.562249,0.211432,-4.50065,-0.408384,-0.137366,-2.65535
100,0.05,0.03,0.2,1,156,0.562248,0.212083,-4.50056,-0.408384,-0.137838,-2.65526
100,0.05,0.03,0.2,1,157,0.562248,0.212732,-4.50047,-0.408383,-0.138309,-2.65518
100,0.05,0.03,0.2,1,158,0.562247,0.213379,-4.50038,-0.408383,-0.138779,-2.65509
100,0.05,0.03,0.2,1,159,0.562246,0.214023,-4.50029,-0.408382,-0.139247,-2.65501
100,0.05,0.03,0.2,1,160,0.562246,0.214666,-4.5002,-0.408382,-0.139713,-2.65492
100,0.05,0.03,0.2,1,161,0.562245,0.215306,-4.50012,-0.408381,-0.140178,-2.65484
100,0.05,0.03,0.2,1,162,0.562244,0.215945,-4.50003,-0.408381,-0.140641,-2.65476
100,0.05,0.03,0.2,1,163,0.562244,0.216582,-4.49995,-0.408381,-0.141103,-2.65468
100,0.05,0.03,0.2,1,164,0.562243,0.217216,-4.49987,-0.40838,-0.141564,-2.6546
100,0.05,0.03,0.2,1,165,0.562242,0.217849,-4.49979,-0.40838,-0.142023,-2.65452
100,0.05,0.03,0.2,1,166,0.562242,0.21848,-4.49971,-0.408379,-0.142481,-2.65444
100,0.05,0.03,0.2,1,167,0.562241,0.219109,-4.49963,-0.408379,-0.142938,-2.65437
100,0.05,0.03,0.2,1,168,0.562241,0.219736,-4.49955,-0.408378,-0.143393,-2.65429
100,0.05,0.03,0.2,1,169,0.56224,0.220361,-4.49947,-0.408378,-0.143847,-2.65421
100,0.05,0.03,0.2,1,170,0.562239,0.220985,-4.49939,-0.408377,-0.144299,-2.65414
100,0.05,0.03,0.2,1,171,0.562239,0.221606,-4.49932,-0.408377,-0.14475,-2.65407
100,0.05,0.03,0.2,1,172,0.562238,0.222226,-4.49924,-0.408377,-0.1452,-2.65399
100,0.05,0.03,0.2,1,173,0.562238,0.222844,-4.49917,-0.408376,-0.145649,-2.65392
100,0.05,0.03,0.2,1,174,0.562237,0.22346,-4.4991,-0.408376,-0.146096,-2.65385
100,0.05,0.03,0.2,1,175,0.562237,0.224075,-4.49902,-0.408375,-0.146542,-2.65378
100,0.05,0.03,0.2,1,176,0.562236,0.224687,-4.49895,-0.408375,-0.146986,-2.65371
100,0.05,0.03,0.2,1,177,0.562235,0.225298,-4.49888,-0.408375,-0.14743,-2.65365
100,0.05,0.03,0.2,1,178,0.562235,0.225907,-4.49881,-0.408374,-0.147872,-2.65358
100,0.05,0.03,0.2,1,179,0.562234,0.226515,-4.49874,-0.408374,-0.148313,-2.65351
100,0.05,0.03,0.2,1,180,0.562234,0.22712,-4.49867,-0.408373,-0.148752,-2.65345
100,0.05,0.03,0.2,1,181,0.562233,0.227725,-4.49861,-0.408373,-0.149191,-2.65338
100,0.05,0.03,0.2,1,182,0.562233,0.228327,-4.49854,-0.408373,-0.149628,-2.65332
100,0.05,0.03,0.2,1,183,0.562232,0.228928,-4.49847,-0.408372,-0.150064,-2.65325
100,0.05,0.03,0.2,1,184,0.562232,0.229527,-4.49841,-0.408372,-0.150499,-2.65319
100,0.05,0.03,0.2,1,185,0.562231,0.230124,-4.49834,-0.408372,-0.150933,-2.65313
100,0.05,0.03,0.2,1,186,0.562231,0.23072,-4.49828,-0.408371,-0.151365,-2.65306
100,0.05,0.03,0.2,1,187,0.56223,0.231314,-4.49822,-0.408371,-0.151796,-2.653
100,0.05,0.03,0.2,1,188,0.56223,0.231907,-4.49815,-0.408371,-0.152227,-2.65294
100,0.05,0.03,0.2,1,189,0.562229,0.232498,-4.49809,-0.40837,-0.152656,-2.65288
100,0.05,0.03,0.2,1,190,0.562229,0.233088,-4.49803,-0.40837,-0.153084,-2.65282
100,0.05,0.03,0.2,1,191,0.562228,0.233676,-4.49797,-0.40837,-0.15351,-2.65277
100,0.05,0.03,0.2,1,192,0.562228,0.234262,-4.49791,-0.408369,-0.153936,-2.65271
100,0.05,0.03,0.2,1,193,0.562228,0.234847,-4.49785,-0.408369,-0.154361,-2.65265
100,0.05,0.03,0.2,1,194,0.562227,0.235431,-4.49779,-0.408369,-0.154784,-2.65259
100,0.05,0.03,0.2,1,195,0.562227,0.236013,-4.49773,-0.408368,-0.155207,-2.65254
100,0.05,0.03,0.2,1,196,0.562226,0.236593,-4.49768,-0.408368,-0.155628,-2.65248
100,0.05,0.03,0.2,1,197,0.562226,0.237172,-4.49762,-0.408368,-0.156048,-2.65243
100,0.05,0.03,0.2,1,198,0.562225,0.23775,-4.49756,-0.408367,-0.156467,-2.65237
100,0.05,0.03,0.2,1,199,0.562225,0.238326,-4.49751,-0.408367,-0.156885,-2.65232
100,0.05,0.03,0.2,1,200,0.562224,0.2389,-4.49745,-0.408367,-0.157302,-2.65227
100,0.05,0.03,0.2,1,201,0.562224,0.239473,-4.4974,-0.408366,-0.157718,-2.65221
100,0.05,0.03,0.2,1,202,0.562224,0.240045,-4.49734,-0.408366,-0.158133,-2.65216
100,0.05,0.03,0.2,1,203,0.562223,0.240615,-4.49729,-0.408366,-0.158547,-2.65211
100,0.05,0.03,0.2,1,204,0.562223,0.241184,-4.49724,-0.408365,-0.15896,-2.65206
100,0.05,0.03,0.2,1,205,0.562222,0.241752,-4.49718,-0.408365,-0.159372,-2.65201
100,0.05,0.03,0.2,1,206,0.562222,0.242318,-4.49713,-0.408365,-0.159783,-2.65196
100,0.05,0.03,0.2,1,207,0.562222,0.242883,-4.49708,-0.408365,-0.160193,-2.65191
100,0.05,0.03,0.2,1,208,0.562221,0.243446,-4.49703,-0.408364,-0.160602,-2.65186
100,0.05,0.03,0.2,1,209,0.562221,0.244008,-4.49698,-0.408364,-0.16101,-2.65181
100,0.05,0.03,0.2,1,210,0.56222,0.244569,-4.49693,-0.408364,-0.161417,-2.65176
100,0.05,0.03,0.2,1,211,0.56222,0.245128,-4.49688,-0.408363,-0.161823,-2.65171
100,0.05,0.03,0.2,1,212,0.56222,0.245686,-4.49683,-0.408363,-0.162228,-2.65166
100,0.05,0.03,0.2,1,213,0.562219,0.246243,-4.49678,-0.408363,-0.162632,-2.65162
100,0.05,0.03,0.2,1,214,0.562219,0.246798,-4.49673,-0.408363,-0.163035,-2.65157
100,0.05,0.03,0.2,1,215,0.562219,0.247352,-4.49669,-0.408362,-0.163438,-2.65152
100,0.05,0.03,0.2,1,216,0.562218,0.247905,-4.49664,-0.408362,-0.163839,-2.65148
100,0.05,0.03,0.2,1,217,0.562218,0.248457,-4.49659,-0.408362,-0.164239,-2.65143
100,0.05,0.03,0.2,1,218,0.562217,0.249007,-4.49654,-0.408362,-0.164639,-2.65139
100,0.05,0.03,0.2,1,219,0.562217,0.249556,-4.4965,-0.408361,-0.165037,-2.65134
100,0.05,0.03,0.2,1,220,0.562217,0.250104,-4.49645,-0.408361,-0.165435,-2.6513
100,0.05,0.03,0.2,1,221,0.562216,0.250651,-4.49641,-0.408361,-0.165832,-2.65126
100,0.05,0.03,0.2,1,222,0.562216,0.251196,-4.49636,-0.408361,-0.166227,-2.65121
100,0.05,0.03,0.2,1,223,0.562216,0.25174,-4.49632,-0.40836,-0.166622,-2.65117
100,0.05,0.03,0.2,1,224,0.562215,0.252283,-4.49627,-0.40836,-0.167016,-2.65113
100,0.05,0.03,0.2,1,225,0.562215,0.252824,-4.49623,-0.40836,-0.16741,-2.65109
100,0.05,0.03,0.2,1,226,0.562215,0.253365,-4.49619,-0.40836,-0.167802,-2.65104
100,0.05,0.03,0.2,1,227,0.562214,0.253904,-4.49615,-0.408359,-0.168193,-2.651
100,0.05,0.03,0.2,1,228,0.562214,0.254442,-4.4961,-0.408359,-0.168584,-2.65096
100,0.05,0.03,0.2,1,229,0.562214,0.254979,-4.49606,-0.408359,-0.168974,-2.65092
100,0.05,0.03,0.2,1,230,0.562213,0.255515,-4.49602,-0.408359,-0.169362,-2.65088
100,0.05,0.03,0.2,1,231,0.562213,0.256049,-4.49598,-0.408358,-0.16975,-2.65084
100,0.05,0.03,0.2,1,232,0.562213,0.256583,-4.49594,-0.408358,-0.170138,-2.6508
100,0.05,0.03,0.2,1,233,0.562212,0.257115,-4.4959,-0.408358,-0.170524,-2.65076
100,0.05,0.03,0.2,1,234,0.562212,0.257646,-4.49586,-0.408358,-0.170909,-2.65072
100,0.05,0.03,0.2,1,235,0.562212,0.258176,-4.49582,-0.408358,-0.171294,-2.65069
100,0.05,0.03,0.2,1,236,0.562212,0.258705,-4.49578,-0.408357,-0.171678,-2.65065
100,0.05,0.03,0.2,1,237,0.562211,0.259233,-4.49574,-0.408357,-0.172061,-2.65061
100,0.05,0.03,0.2,1,238,0.562211,0.259759,-4.4957,-0.408357,-0.172443,-2.65057
100,0.05,0.03,0.2,1,239,0.562211,0.260285,-4.49566,-0.408357,-0.172825,-2.65053
100,0.05,0.03,0.2,1,240,0.56221,0.260809,-4.49562,-0.408356,-0.173205,-2.6505
100,0.05,0.03,0.2,1,241,0.56221,0.261332,-4.49558,-0.408356,-0.173585,-2.65046
100,0.05,0.03,0.2,1,242,0.56221,0.261855,-4.49555,-0.408356,-0.173964,-2.65042
100,0.05,0.03,0.2,1,243,0.562209,0.262376,-4.49551,-0.408356,-0.174343,-2.65039
100,0.05,0.03,0.2,1,244,0.562209,0.262896,-4.49547,-0.408356,-0.17472,-2.65035
100,0.05,0.03,0.2,1,245,0.562209,0.263415,-4.49543,-0.408355,-0.175097,-2.65032
100,0.05,0.03,0.2,1,246,0.562209,0.263933,-4.4954,-0.408355,-0.175473,-2.65028
100,0.05,0.03,0.2,1,247,0.562208,0.26445,-4.49536,-0.408355,-0.175848,-2.65025
100,0.05,0.03,0.2,1,248,0.562208,0.264966,-4.49533,-0.408355,-0.176223,-2.65021
100,0.05,0.03,0.2,1,249,0.562208,0.26548,-4.49529,-0.408355,-0.176596,-2.65018
100,0.05,0.03,0.2,1,250,0.562208,0.265994,-4.49526,-0.408354,-0.176969,-2.65014
100,0.05,0.03,0.2,1,251,0.562207,0.266507,-4.49522,-0.408354,-0.177342,-2.65011
100,0.05,0.03,0.2,1,252,0.562207,0.267019,-4.49519,-0.408354,-0.177713,-2.65008
100,0.05,0.03,0.2,1,253,0.562207,0.267529,-4.49515,-0.408354,-0.178084,-2.65004
100,0.05,0.03,0.2,1,254,0.562206,0.268039,-4.49512,-0.408354,-0.178454,-2.65001
100,0.05,0.03,0.2,1,255,0.562206,0.268548,-4.49508,-0.408354,-0.178823,-2.64998
100,0.05,0.03,0.2,1,256,0.562206,0.269055,-4.49505,-0.408353,-0.179192,-2.64995
100,0.05,0.03,0.2,1,257,0.562206,0.269562,-4.49502,-0.408353,-0.179559,-2.64991
100,0.05,0.03,0.2,1,258,0.562205,0.270068,-4.49498,-0.408353,-0.179927,-2.64988
100,0.05,0.03,0.2,1,259,0.562205,0.270573,-4.49495,-0.408353,-0.180293,-2.64985
100,0.05,0.03,0.2,1,260,0.562205,0.271076,-4.49492,-0.408353,-0.180659,-2.64982
100,0.05,0.03,0.2,1,261,0.562205,0.271579,-4.49489,-0.408352,-0.181024,-2.64979
100,0.05,0.03,0.2,1,262,0.562204,0.272081,-4.49485,-0.408352,-0.181388,-2.64976
100,0.05,0.03,0.2,1,263,0.562204,0.272582,-4.49482,-0.408352,-0.181752,-2.64972
100,0.05,0.03,0.2,1,264,0.562204,0.273082,-4.49479,-0.408352,-0.182115,-2.64969
100,0.05,0.03,0.2,1,265,0.562204,0.273581,-4.49476,-0.408352,-0.182477,-2.64966
100,0.05,0.03,0.2,1,266,0.562203,0.274079,-4.49473,-0.408352,-0.182838,-2.64963
100,0.05,0.03,0.2,1,267,0.562203,0.274576,-4.4947,-0.408351,-0.183199,-2.6496
100,0.05,0.03,0.2,1,268,0.562203,0.275072,-4.49467,-0.408351,-0.183559,-2.64957
100,0.05,0.03,0.2,1,269,0.562203,0.275568,-4.49464,-0.408351,-0.183919,-2.64955
100,0.05,0.03,0.2,1,270,0.562203,0.276062,-4.49461,-0.408351,-0.184278,-2.64952
100,0.05,0.03,0.2,1,271,0.562202,0.276555,-4.49458,-0.408351,-0.184636,-2.64949
100,0.05,0.03,0.2,1,272,0.562202,0.277048,-4.49455,-0.408351,-0.184994,-2.64946
100,0.05,0.03,0.2,1,273,0.562202,0.27754,-4.49452,-0.40835,-0.18535,-2.64943
100,0.05,0.03,0.2,1,274,0.562202,0.27803,-4.49449,-0.40835,-0.185707,-2.6494
100,0.05,0.03,0.2,1,275,0.562201,0.27852,-4.49446,-0.40835,-0.186062,-2.64937
100,0.05,0.03,0.2,1,276,0.562201,0.279009,-4.49443,-0.40835,-0.186417,-2.64935
100,0.05,0.03,0.2,1,277,0.562201,0.279497,-4.4944,-0.40835,-0.186771,-2.64932
100,0.05,0.03,0.2,1,278,0.562201,0.279984,-4.49437,-0.40835,-0.187125,-2.64929
100,0.05,0.03,0.2,1,279,0.562201,0.280471,-4.49434,-0.408349,-0.187478,-2.64926
100,0.05,0.03,0.2,1,280,0.5622,0.280956,-4.49432,-0.408349,-0.187831,-2.64924
100,0.05,0.03,0.2,1,281,0.5622,0.28144,-4.49429,-0.408349,-0.188182,-2.64921
100,0.05,0.03,0.2,1,282,0.5622,0.281924,-4.49426,-0.408349,-0.188533,-2.64918
100,0.05,0.03,0.2,1,283,0.5622,0.282407,-4.49423,-0.408349,-0.188884,-2.64916
100,0.05,0.03,0.2,1,284,0.562199,0.282889,-4.4942,-0.408349,-0.189234,-2.64913
100,0.05,0.03,0.2,1,285,0.562199,0.28337,-4.49418,-0.408348,-0.189583,-2.6491
100,0.05,0.03,0.2,1,286,0.562199,0.28385,-4.49415,-0.408348,-0.189932,-2.64908
100,0.05,0.03,0.2,1,287,0.562199,0.28433,-4.49412,-0.408348,-0.19028,-2.64905
100,0.05,0.03,0.2,1,288,0.562199,0.284808,-4.4941,-0.408348,-0.190627,-2.64903
100,0.05,0.03,0.2,1,289,0.562198,0.285286,-4.49407,-0.408348,-0.190974,-2.649
100,0.05,0.03,0.2,1,290,0.562198,0.285763,-4.49405,-0.408348,-0.19132,-2.64898
100,0.05,0.03,0.2,1,291,0.562198,0.286239,-4.49402,-0.408348,-0.191666,-2.64895
100,0.05,0.03,0.2,1,292,0.562198,0.286715,-4.49399,-0.408347,-0.192011,-2.64893
100,0.05,0.03,0.2,1,293,0.562198,0.287189,-4.49397,-0.408347,-0.192356,-2.6489
100,0.05,0.03,0.2,1,294,0.562197,0.287663,-4.49394,-0.408347,-0.192699,-2.64888
100,0.05,0.03,0.2,1,295,0.562197,0.288136,-4.49392,-0.408347,-0.193043,-2.64885
100,0.05,0.03,0.2,1,296,0.562197,0.288608,-4.49389,-0.408347,-0.193386,-2.64883
100,0.05,0.03,0.2,1,297,0.562197,0.289079,-4.49387,-0.408347,-0.193728,-2.6488
100,0.05,0.03,0.2,1,298,0.562197,0.28955,-4.49384,-0.408347,-0.194069,-2.64878
100,0.05,0.03,0.2,1,299,0.562196,0.290019,-4.49382,-0.408346,-0.19441,-2.64876
100,0.05,0.03,0.2,1,300,0.562196,0.290488,-4.49379,-0.408346,-0.194751,-2.64873
100,0.05,0.03,0.2,1,301,0.562196,0.290956,-4.49377,-0.408346,-0.19509,-2.64871
100,0.05,0.03,0.2,1,302,0.562196,0.291424,-4.49374,-0.408346,-0.19543,-2.64869
100,0.05,0.03,0.2,1,303,0.562196,0.29189,-4.49372,-0.408346,-0.195769,-2.64866
100,0.05,0.03,0.2,1,304,0.562196,0.292356,-4.4937,-0.408346,-0.196107,-2.64864
100,0.05,0.03,0.2,1,305,0.562195,0.292821,-4.49367,-0.408346,-0.196444,-2.64862
100,0.05,0.03,0.2,1,306,0.562195,0.293286,-4.49365,-0.408346,-0.196781,-2.64859
100,0.05,0.03,0.2,1,307,0.562195,0.293749,-4.49363,-0.408345,-0.197118,-2.64857
100,0.05,0.03,0.2,1,308,0.562195,0.294212,-4.4936,-0.408345,-0.197454,-2.64855
100,0.05,0.03,0.2,1,309,0.562195,0.294674,-4.49358,-0.408345,-0.197789,-2.64853
100,0.05,0.03,0.2,1,310,0.562194,0.295135,-4.49356,-0.408345,-0.198124,-2.6485
100,0.05,0.03,0.2,1,311,0.562194,0.295596,-4.49353,-0.408345,-0.198459,-2.64848
100,0.05,0.03,0.2,1,312,0.562194,0.296056,-4.49351,-0.408345,-0.198792,-2.64846
100,0.05,0.03,0.2,1,313,0.562194,0.296515,-4.49349,-0.408345,-0.199126,-2.64844
100,0.05,0.03,0.2,1,314,0.562194,0.296973,-4.49347,-0.408345,-0.199458,-2.64842
100,0.05,0.03,0.2,1,315,0.562194,0.297431,-4.49345,-0.408344,-0.199791,-2.6484
100,0.05,0.03,0.2,1,316,0.562193,0.297888,-4.49342,-0.408344,-0.200122,-2.64837
100,0.05,0.03,0.2,1,317,0.562193,0.298344,-4.4934,-0.408344,-0.200453,-2.64835
100,0.05,0.03,0.2,1,318,0.562193,0.298799,-4.49338,-0.408344,-0.200784,-2.64833
100,0.05,0.03,0.2,1,319,0.562193,0.299254,-4.49336,-0.408344,-0.201114,-2.64831
100,0.05,0.03,0.2,1,320,0.562193,0.299708,-4.49334,-0.408344,-0.201444,-2.64829
100,0.05,0.03,0.2,1,321,0.562193,0.300161,-4.49332,-0.408344,-0.201773,-2.64827
100,0.05,0.03,0.2,1,322,0.562192,0.300614,-4.49329,-0.408344,-0.202101,-2.64825
100,0.05,0.03,0.2,1,323,0.562192,0.301066,-4.49327,-0.408343,-0.202429,-2.64823
100,0.05,0.03,0.2,1,324,0.562192,0.301517,-4.49325,-0.408343,-0.202757,-2.64821
100,0.05,0.03,0.2,1,325,0.562192,0.301967,-4.49323,-0.408343,-0.203084,-2.64819
100,0.05,0.03,0.2,1,326,0.562192,0.302417,-4.49321,-0.408343,-0.203411,-2.64817
100,0.05,0.03,0.2,1,327,0.562192,0.302866,-4.49319,-0.408343,-0.203737,-2.64815
100,0.05,0.03,0.2,1,328,0.562191,0.303315,-4.49317,-0.408343,-0.204062,-2.64813
100,0.05,0.03,0.2,1,329,0.562191,0.303762,-4.49315,-0.408343,-0.204387,-2.64811
100,0.05,0.03,0.2,1,330,0.562191,0.304209,-4.49313,-0.408343,-0.204712,-2.64809
100,0.05,0.03,0.2,1,331,0.562191,0.304656,-4.49311,-0.408343,-0.205036,-2.64807
100,0.05,0.03,0.2,1,332,0.562191,0.305102,-4.49309,-0.408342,-0.20536,-2.64805
100,0.05,0.03,0.2,1,333,0.562191,0.305547,-4.49307,-0.408342,-0.205683,-2.64803
100,0.05,0.03,0.2,1,334,0.562191,0.305991,-4.49305,-0.408342,-0.206005,-2.64801
100,0.05,0.03,0.2,1,335,0.56219,0.306435,-4.49303,-0.408342,-0.206327,-2.648
100,0.05,0.03,0.2,1,336,0.56219,0.306878,-4.49301,-0.408342,-0.206649,-2.64798
100,0.05,0.03,0.2,1,337,0.56219,0.30732,-4.49299,-0.408342,-0.20697,-2.64796
100,0.05,0.03,0.2,1,338,0.56219,0.307762,-4.49297,-0.408342,-0.207291,-2.64794
100,0.05,0.03,0.2,1,339,0.56219,0.308203,-4.49295,-0.408342,-0.207611,-2.64792
100,0.05,0.03,0.2,1,340,0.56219,0.308643,-4.49293,-0.408342,-0.207931,-2.6479
100,0.05,0.03,0.2,1,341,0.562189,0.309083,-4.49292,-0.408341,-0.20825,-2.64788
100,0.05,0.03,0.2,1,342,0.562189,0.309522,-4.4929,-0.408341,-0.208569,-2.64787
100,0.05,0.03,0.2,1,343,0.562189,0.309961,-4.49288,-0.408341,-0.208887,-2.64785
100,0.05,0.03,0.2,1,344,0.562189,0.310399,-4.49286,-0.408341,-0.209205,-2.64783
100,0.05,0.03,0.2,1,345,0.562189,0.310836,-4.49284,-0.408341,-0.209523,-2.64781
100,0.05,0.03,0.2,1,346,0.562189,0.311272,-4.49282,-0.408341,-0.20984,-2.64779
100,0.05,0.03,0.2,1,347,0.562189,0.311708,-4.4928,-0.408341,-0.210156,-2.64778
100,0.05,0.03,0.2,1,348,0.562188,0.312144,-4.49279,-0.408341,-0.210472,-2.64776
100,0.05,0.03,0.2,1,349,0.562188,0.312578,-4.49277,-0.408341,-0.210788,-2.64774
100,0.05,0.03,0.2,1,350,0.562188,0.313013,-4.49275,-0.40834,-0.211103,-2.64772
100,0.05,0.03,0.2,1,351,0.562188,0.313446,-4.49273,-0.40834,-0.211418,-2.64771
100,0.05,0.03,0.2,1,352,0.562188,0.313879,-4.49271,-0.40834,-0.211732,-2.64769
100,0.05,0.03,0.2,1,353,0.562188,0.314311,-4.4927,-0.40834,-0.212046,-2.64767
100,0.05,0.03,0.2,1,354,0.562188,0.314743,-4.49268,-0.40834,-0.212359,-2.64766
100,0.05,0.03,0.2,1,355,0.562188,0.315174,-4.49266,-0.40834,-0.212672,-2.64764
100,0.05,0.03,0.2,1,356,0.562187,0.315604,-4.49264,-0.40834,-0.212984,-2.64762
100,0.05,0.03,0.2,1,357,0.562187,0.316034,-4.49263,-0.40834,-0.213296,-2.64761
100,0.05,0.03,0.2,1,358,0.562187,0.316463,-4.49261,-0.40834,-0.213608,-2.64759
100,0.05,0.03,0.2,1,359,0.562187,0.316892,-4.49259,-0.40834,-0.213919,-2.64757
100,0.05,0.03,0.2,1,360,0.562187,0.31732,-4.49258,-0.40834,-0.21423,-2.64756
100,0.05,0.03,0.2,1,361,0.562187,0.317747,-4.49256,-0.408339,-0.21454,-2.64754
100,0.05,0.03,0.2,1,362,0.562187,0.318174,-4.49254,-0.408339,-0.21485,-2.64752
100,0.05,0.03,0.2,1,363,0.562186,0.3186,-4.49253,-0.408339,-0.21516,-2.64751
100,0.05,0.03,0.2,1,364,0.562186,0.319026,-4.49251,-0.408339,-0.215469,-2.64749
100,0.05,0.03,0.2,1,365,0.562186,0.319451,-4.49249,-0.408339,-0.215777,-2.64748
100,0.05,0.03,0.2,1,366,0.562186,0.319875,-4.49248,-0.408339,-0.216085,-2.64746
100,0.05,0.03,0.2,1,367,0.562186,0.320299,-4.49246,-0.408339,-0.216393,-2.64744
100,0.05,0.03,0.2,1,368,0.562186,0.320723,-4.49244,-0.408339,-0.2167,-2.64743
100,0.05,0.03,0.2,1,369,0.562186,0.321145,-4.49243,-0.408339,-0.217007,-2.64741
100,0.05,0.03,0.2,1,370,0.562186,0.321567,-4.49241,-0.408339,-0.217314,-2.6474
100,0.05,0.03,0.2,1,371,0.562185,0.321989,-4.4924,-0.408339,-0.21762,-2.64738
100,0.05,0.03,0.2,1,372,0.562185,0.32241,-4.49238,-0.408338,-0.217926,-2.64737
100,0.05,0.03,0.2,1,373,0.562185,0.322831,-4.49236,-0.408338,-0.218231,-2.64735
100,0.05,0.03,0.2,1,374,0.562185,0.32325,-4.49235,-0.408338,-0.218536,-2.64734
100,0.05,0.03,0.2,1,375,0.562185,0.32367,-4.49233,-0.408338,-0.21884,-2.64732
100,0.05,0.03,0.2,1,376,0.562185,0.324089,-4.49232,-0.408338,-0.219144,-2.64731
100,0.05,0.03,0.2,1,377,0.562185,0.324507,-4.4923,-0.408338,-0.219448,-2.64729
100,0.05,0.03,0.2,1,378,0.562185,0.324924,-4.49229,-0.408338,-0.219751,-2.64728
100,0.05,0.03,0.2,1,379,0.562185,0.325342,-4.49227,-0.408338,-0.220054,-2.64726
100,0.05,0.03,0.2,1,380,0.562184,0.325758,-4.49226,-0.408338,-0.220356,-2.64725
100,0.05,0.03,0.2,1,381,0.562184,0.326174,-4.49224,-0.408338,-0.220658,-2.64723
100,0.05,0.03,0.2,1,382,0.562184,0.32659,-4.49223,-0.408338,-0.22096,-2.64722
100,0.05,0.03,0.2,1,383,0.562184,0.327005,-4.49221,-0.408337,-0.221261,-2.6472
100,0.05,0.03,0.2,1,384,0.562184,0.327419,-4.4922,-0.408337,-0.221562,-2.64719
100,0.05,0.03,0.2,1,385,0.562184,0.327833,-4.49218,-0.408337,-0.221863,-2.64718
100,0.05,0.03,0.2,1,386,0.562184,0.328246,-4.49217,-0.408337,-0.222163,-2.64716
100,0.05,0.03,0.2,1,387,0.562184,0.328659,-4.49215,-0.408337,-0.222462,-2.64715
100,0.05,0.03,0.2,1,388,0.562183,0.329071,-4.49214,-0.408337,-0.222762,-2.64713
100,0.05,0.03,0.2,1,389,0.562183,0.329483,-4.49212,-0.408337,-0.223061,-2.64712
100,0.05,0.03,0.2,1,390,0.562183,0.329894,-4.49211,-0.408337,-0.223359,-2.64711
100,0.05,0.03,0.2,1,391,0.562183,0.330305,-4.49209,-0.408337,-0.223657,-2.64709
100,0.05,0.03,0.2,1,392,0.562183,0.330715,-4.49208,-0.408337,-0.223955,-2.64708
100,0.05,0.03,0.2,1,393,0.562183,0.331124,-4.49207,-0.408337,-0.224252,-2.64706
100,0.05,0.03,0.2,1,394,0.562183,0.331534,-4.49205,-0.408337,-0.224549,-2.64705
100,0.05,0.03,0.2,1,395,0.562183,0.331942,-4.49204,-0.408337,-0.224846,-2.64704
100,0.05,0.03,0.2,1,396,0.562183,0.33235,-4.49202,-0.408336,-0.225142,-2.64702
100,0.05,0.03,0.2,1,397,0.562183,0.332758,-4.49201,-0.408336,-0.225438,-2.64701
100,0.05,0.03,0.2,1,398,0.562182,0.333165,-4.492,-0.408336,-0.225734,-2.647
100,0.05,0.03,0.2,1,399,0.562182,0.333571,-4.49198,-0.408336,-0.226029,-2.64698
100,0.05,0.03,0.2,1,400,0.562182,0.333977,-4.49197,-0.408336,-0.226324,-2.64697
100,0.05,0.03,0.2,1,401,0.562182,0.334383,-4.49195,-0.408336,-0.226618,-2.64696
100,0.05,0.03,0.2,1,402,0.562182,0.334788,-4.49194,-0.408336,-0.226912,-2.64694
100,0.05,0.03,0.2,1,403,0.562182,0.335192,-4.49193,-0.408336,-0.227206,-2.64693
100,0.05,0.03,0.2,1,404,0.562182,0.335596,-4.49191,-0.408336,-0.227499,-2.64692
100,0.05,0.03,0.2,1,405,0.562182,0.336,-4.4919,-0.408336,-0.227792,-2.6469
100,0.05,0.03,0.2,1,406,0.562182,0.336403,-4.49189,-0.408336,-0.228085,-2.64689
100,0.05,0.03,0.2,1,407,0.562181,0.336805,-4.49187,-0.408336,-0.228377,-2.64688
100,0.05,0.03,0.2,1,408,0.562181,0.337207,-4.49186,-0.408336,-0.228669,-2.64687
100,0.05,0.03,0.2,1,409,0.562181,0.337609,-4.49185,-0.408335,-0.22896,-2.64685
100,0.05,0.03,0.2,1,410,0.562181,0.33801,-4.49183,-0.408335,-0.229251,-2.64684
100,0.05,0.03,0.2,1,411,0.562181,0.33841,-4.49182,-0.408335,-0.229542,-2.64683
100,0.05,0.03,0.2,1,412,0.562181,0.33881,-4.49181,-0.408335,-0.229833,-2.64682
100,0.05,0.03,0.2,1,413,0.562181,0.33921,-4.4918,-0.408335,-0.230123,-2.6468
100,0.05,0.03,0.2,1,414,0.562181,0.339609,-4.49178,-0.408335,-0.230413,-2.64679
100,0.05,0.03,0.2,1,415,0.562181,0.340008,-4.49177,-0.408335,-0.230702,-2.64678
100,0.05,0.03,0.2,1,416,0.562181,0.340406,-4.49176,-0.408335,-0.230991,-2.64677
100,0.05,0.03,0.2,1,417,0.56218,0.340803,-4.49175,-0.408335,-0.23128,-2.64675
100,0.05,0.03,0.2,1,418,0.56218,0.3412,-4.49173,-0.408335,-0.231568,-2.64674
100,0.05,0.03,0.2,1,419,0.56218,0.341597,-4.49172,-0.408335,-0.231856,-2.64673
100,0.05,0.03,0.2,1,420,0.56218,0.341993,-4.49171,-0.408335,-0.232144,-2.64672
100,0.05,0.03,0.2,1,421,0.56218,0.342389,-4.4917,-0.408335,-0.232431,-2.64671
100,0.05,0.03,0.2,1,422,0.56218,0.342784,-4.49168,-0.408335,-0.232718,-2.64669
100,0.05,0.03,0.2,1,423,0.56218,0.343179,-4.49167,-0.408334,-0.233005,-2.64668
100,0.05,0.03,0.2,1,424,0.56218,0.343573,-4.49166,-0.408334,-0.233291,-2.64667
100,0.05,0.03,0.2,1,425,0.56218,0.343967,-4.49165,-0.408334,-0.233577,-2.64666
100,0.05,0.03,0.2,1,426,0.56218,0.344361,-4.49163,-0.408334,-0.233863,-2.64665
100,0.05,0.03,0.2,1,427,0.56218,0.344754,-4.49162,-0.408334,-0.234148,-2.64664
100,0.05,0.03,0.2,1,428,0.562179,0.345146,-4.49161,-0.408334,-0.234433,-2.64662
100,0.05,0.03,0.2,1,429,0.562179,0.345538,-4.4916,-0.408334,-0.234717,-2.64661
100,0.05,0.03,0.2,1,430,0.562179,0.34593,-4.49159,-0.408334,-0.235002,-2.6466
100,0.05,0.03,0.2,1,431,0.562179,0.346321,-4.49157,-0.408334,-0.235286,-2.64659
100,0.05,0.03,0.2,1,432,0.562179,0.346711,-4.49156,-0.408334,-0.235569,-2.64658
100,0.05,0.03,0.2,1,433,0.562179,0.347102,-4.49155,-0.408334,-0.235853,-2.64657
100,0.05,0.03,0.2,1,434,0.562179,0.347491,-4.49154,-0.408334,-0.236136,-2.64656
100,0.05,0.03,0.2,1,435,0.562179,0.347881,-4.49153,-0.408334,-0.236418,-2.64654
100,0.05,0.03,0.2,1,436,0.562179,0.34827,-4.49152,-0.408334,-0.236701,-2.64653
100,0.05,0.03,0.2,1,437,0.562179,0.348658,-4.49151,-0.408334,-0.236983,-2.64652
100,0.05,0.03,0.2,1,438,0.562179,0.349046,-4.49149,-0.408333,-0.237264,-2.64651
100,0.05,0.03,0.2,1,439,0.562178,0.349434,-4.49148,-0.408333,-0.237546,-2.6465
100,0.05,0.03,0.2,1,440,0.562178,0.349821,-4.49147,-0.408333,-0.237827,-2.64649
100,0.05,0.03,0.2,1,441,0.562178,0.350207,-4.49146,-0.408333,-0.238107,-2.64648
100,0.05,0.03,0.2,1,442,0.562178,0.350593,-4.49145,-0.408333,-0.238388,-2.64647
100,0.05,0.03,0.2,1,443,0.562178,0.350979,-4.49144,-0.408333,-0.238668,-2.64646
100,0.05,0.03,0.2,1,444,0.562178,0.351365,-4.49143,-0.408333,-0.238948,-2.64645
100,0.05,0.03,0.2,1,445,0.562178,0.351749,-4.49142,-0.408333,-0.239227,-2.64644
100,0.05,0.03,0.2,1,446,0.562178,0.352134,-4.4914,-0.408333,-0.239506,-2.64642
100,0.05,0.03,0.2,1,447,0.562178,0.352518,-4.49139,-0.408333,-0.239785,-2.64641
100,0.05,0.03,0.2,1,448,0.562178,0.352902,-4.49138,-0.408333,-0.240064,-2.6464
100,0.05,0.03,0.2,1,449,0.562178,0.353285,-4.49137,-0.408333,-0.240342,-2.64639
100,0.05,0.03,0.2,1,450,0.562177,0.353667,-4.49136,-0.408333,-0.24062,-2.64638
100,0.05,0.03,0.2,1,451,0.562177,0.35405,-4.49135,-0.408333,-0.240897,-2.64637
100,0.05,0.03,0.2,1,452,0.562177,0.354432,-4.49134,-0.408333,-0.241175,-2.64636
100,0.05,0.03,0.2,1,453,0.562177,0.354813,-4.49133,-0.408333,-0.241452,-2.64635
100,0.05,0.03,0.2,1,454,0.562177,0.355194,-4.49132,-0.408332,-0.241728,-2.64634
100,0.05,0.03,0.2,1,455,0.562177,0.355575,-4.49131,-0.408332,-0.242005,-2.64633
100,0.05,0.03,0.2,1,456,0.562177,0.355955,-4.4913,-0.408332,-0.242281,-2.64632
100,0.05,0.03,0.2,1,457,0.562177,0.356335,-4.49129,-0.408332,-0.242557,-2.64631
100,0.05,0.03,0.2,1,458,0.562177,0.356714,-4.49128,-0.408332,-0.242832,-2.6463
100,0.05,0.03,0.2,1,459,0.562177,0.357093,-4.49127,-0.408332,-0.243107,-2.64629
100,0.05,0.03,0.2,1,460,0.562177,0.357472,-4.49125,-0.408332,-0.243382,-2.64628
100,0.05,0.03,0.2,1,461,0.562177,0.35785,-4.49124,-0.408332,-0.243657,-2.64627
100,0.05,0.03,0.2,1,462,0.562177,0.358228,-4.49123,-0.408332,-0.243931,-2.64626
100,0.05,0.03,0.2,1,463,0.562176,0.358605,-4.49122,-0.408332,-0.244205,-2.64625
100,0.05,0.03,0.2,1,464,0.562176,0.358982,-4.49121,-0.408332,-0.244479,-2.64624
100,0.05,0.03,0.2,1,465,0.562176,0.359359,-4.4912,-0.408332,-0.244752,-2.64623
100,0.05,0.03,0.2,1,466,0.562176,0.359735,-4.49119,-0.408332,-0.245025,-2.64622
100,0.05,0.03,0.2,1,467,0.562176,0.36011,-4.49118,-0.408332,-0.245298,-2.64621
100,0.05,0.03,0.2,1,468,0.562176,0.360486,-4.49117,-0.408332,-0.24557,-2.6462
100,0.05,0.03,0.2,1,469,0.562176,0.360861,-4.49116,-0.408332,-0.245843,-2.64619
100,0.05,0.03,0.2,1,470,0.562176,0.361235,-4.49115,-0.408332,-0.246114,-2.64618
100,0.05,0.03,0.2,1,471,0.562176,0.361609,-4.49114,-0.408332,-0.246386,-2.64617
100,0.05,0.03,0.2,1,472,0.562176,0.361983,-4.49113,-0.408331,-0.246657,-2.64616
100,0.05,0.03,0.2,1,473,0.562176,0.362356,-4.49112,-0.408331,-0.246928,-2.64615
100,0.05,0.03,0.2,1,474,0.562176,0.362729,-4.49111,-0.408331,-0.247199,-2.64615
100,0.05,0.03,0.2,1,475,0.562176,0.363102,-4.4911,-0.408331,-0.24747,-2.64614
100,0.05,0.03,0.2,1,476,0.562175,0.363474,-4.49109,-0.408331,-0.24774,-2.64613
100,0.05,0.03,0.2,1,477,0.562175,0.363846,-4.49109,-0.408331,-0.24801,-2.64612
100,0.05,0.03,0.2,1,478,0.562175,0.364217,-4.49108,-0.408331,-0.248279,-2.64611
100,0.05,0.03,0.2,1,479,0.562175,0.364588,-4.49107,-0.408331,-0.248549,-2.6461
100,0.05,0.03,0.2,1,480,0.562175,0.364959,-4.49106,-0.408331,-0.248818,-2.64609
100,0.05,0.03,0.2,1,481,0.562175,0.365329,-4.49105,-0.408331,-0.249087,-2.64608
100,0.05,0.03,0.2,1,482,0.562175,0.365699,-4.49104,-0.408331,-0.249355,-2.64607
100,0.05,0.03,0.2,1,483,0.562175,0.366068,-4.49103,-0.408331,-0.249623,-2.64606
100,0.05,0.03,0.2,1,484,0.562175,0.366437,-4.49102,-0.408331,-0.249891,-2.64605
100,0.05,0.03,0.2,1,485,0.562175,0.366806,-4.49101,-0.408331,-0.250159,-2.64604
100,0.05,0.03,0.2,1,486,0.562175,0.367174,-4.491,-0.408331,-0.250426,-2.64604
100,0.05,0.03,0.2,1,487,0.562175,0.367542,-4.49099,-0.408331,-0.250694,-2.64603
100,0.05,0.03,0.2,1,488,0.562175,0.367909,-4.49098,-0.408331,-0.25096,-2.64602
100,0.05,0.03,0.2,1,489,0.562175,0.368277,-4.49097,-0.408331,-0.251227,-2.64601
100,0.05,0.03,0.2,1,490,0.562174,0.368643,-4.49096,-0.408331,-0.251493,-2.646
100,0.05,0.03,0.2,1,491,0.562174,0.36901,-4.49095,-0.40833,-0.251759,-2.64599
100,0.05,0.03,0.2,1,492,0.562174,0.369376,-4.49095,-0.40833,-0.252025,-2.64598
100,0.05,0.03,0.2,1,493,0.562174,0.369741,-4.49094,-0.40833,-0.252291,-2.64597
100,0.05,0.03,0.2,1,494,0.562174,0.370107,-4.49093,-0.40833,-0.252556,-2.64596
100,0.05,0.03,0.2,1,495,0.562174,0.370472,-4.49092,-0.40833,-0.252821,-2.64596
100,0.05,0.03,0.2,1,496,0.562174,0.370836,-4.49091,-0.40833,-0.253086,-2.64595
100,0.05,0.03,0.2,1,497,0.562174,0.3712,-4.4909,-0.40833,-0.25335,-2.64594
100,0.05,0.03,0.2,1,498,0.562174,0.371564,-4.49089,-0.40833,-0.253614,-2.64593
100,0.05,0.03,0.2,1,499,0.562174,0.371928,-4.49088,-0.40833,-0.253878,-2.64592
100,0.05,0.03,0.2,1,500,0.562174,0.372291,-4.49087,-0.40833,-0.254142,-2.64591
S0,r,q,sigma,T,N,delta; call,gamma; call,theta; call,delta; put,gamma; put,theta; put
100,0.05,0.03,0.2,1,500,0.562174,0.372291,-4.49087,-0.40833,-0.254142,-2.64591
S0,r,q,sigma,T,N,delta; call,gamma; call,theta; call,delta; put,gamma; put,theta; put
100,0.05,0.03,0.2,1,500,0.562174,0.372291,-4.49087,-0.40833,-0.254142,-2.64591
S0,r,q,sigma,T,N,delta; call,gamma; call,theta; call,delta; put,gamma; put,theta; put
100,0.09,0.05,0.3,1,800,0.618182,0.342298,-6.45597,-0.333107,-0.175489,-3.2332
S0,r,q,sigma,T,N,delta; call,gamma; call,theta; call,delta; put,gamma; put,theta; put
100,0.05,0.03,0.2,1,500,0.562174,0.372291,-4.49087,-0.40833,-0.254142,-2.64591
S0,r,q,sigma,T,N,delta; call,gamma; call,theta; call,delta; put,gamma; put,theta; put
100,0.05,0.03,0.2,1,500,0.562174,0.372291,-4.49087,-0.40833,-0.254142,-2.64591
